:020000040800F2
:1000000000000524A1730008154C00081D4C0008D1
:10001000254C00082D4C0008354C0008000000005D
:100020000000000000000000000000003D4C00083F
:100030004B4C000800000000594C0008674C0008B9
:10004000F1730008F1730008F1730008F173000800
:10005000F1730008F1730008F1730008F1730008F0
:10006000F1730008F1730008F17300085D340008B3
:10007000F1730008F1730008F1730008F1730008D0
:10008000F1730008F1730008F1730008F1730008C0
:10009000F1730008F1730008F1730008F1730008B0
:1000A000F1730008F1730008F1730008F1730008A0
:1000B000F1730008F1730008F1730008F173000890
:1000C000F1730008F1730008F1730008F173000880
:1000D000F1730008F1730008F17300084934000857
:1000E000F1730008F173000800000000F1730008CC
:1000F000F1730008F1730008F1730008F173000850
:10010000F1730008F1730008754C0008F1730008E2
:10011000F1730008F1730008F1730008F17300082F
:10012000F1730008F1730008F1730008F17300081F
:10013000F1730008F1730008F1730008F17300080F
:1001400000000000000000000000000000000000AF
:10015000F1730008F1730008F1730008F1730008EF
:10016000F1730008F1730008F1730008F1730008DF
:10017000F1730008F1730008F1730008000000003B
:10018000F1730008F1730008F1730008F1730008BF
:10019000F1730008F1730008F1730008F1730008AF
:1001A000F1730008F1730008F1730008000000000B
:1001B000F1730008F1730008F1730008F17300088F
:1001C000F1730008F1730008000000000000000057
:1001D0000000000000000000F173000800000000B3
:1001E000000000000000000000000000000000000F
:1001F0000000000000000000F1730008F173000827
:10020000F1730008F173000800000000F1730008AA
:10021000F1730008F1730008F1730008F17300082E
:10022000F173000800000000F173000800000000F6
:10023000F1730008F173000800000000F17300087A
:10024000F1730008F1730008F1730008F1730008FE
:10025000F1730008F1730008F1730008F1730008EE
:10026000F1730008F1730008F1730008F1730008DE
:10027000F1730008F1730008F1730008000000003A
:10028000F1730008F1730008F1730008F1730008BE
:1002900000000000F1730008F17300080000000086
:1002A00000000000F1730008F1730008F17300080A
:1002B000F1730008F1730008F1730008F17300088E
:0C02C000F1730008F1730008F1730008EE
:1002D00081F0004102E000BF83F0004330B54FEAF7
:1002E00041044FEA430594EA050F08BF90EA020F64
:1002F0001FBF54EA000C55EA020C7FEA645C7FEAF7
:10030000655C00F0E2804FEA5454D4EB5555B8BF19
:100310006D420CDD2C4480EA020281EA030382EA8A
:10032000000083EA010180EA020281EA0303362D1C
:1003300088BF30BD11F0004F4FEA01314FF4801CEF
:100340004CEA113102D0404261EB410113F0004F01
:100350004FEA03334CEA133302D0524263EB4303B8
:1003600094EA050F00F0A780A4F10104D5F1200E56
:100370000DDB02FA0EFC22FA05F2801841F10001B1
:1003800003FA0EF2801843FA05F359410EE0A5F185
:1003900020050EF1200E012A03FA0EFC28BF4CF0B6
:1003A000020C43FA05F3C01851EBE37101F000456C
:1003B00007D54FF0000EDCF1000C7EEB00006EEB79
:1003C0000101B1F5801F1BD3B1F5001F0CD3490803
:1003D0005FEA30004FEA3C0C04F101044FEA44525A
:1003E00012F5800F80F09A80BCF1004F08BF5FEAE1
:1003F000500C50F1000041EB045141EA050130BDC1
:100400005FEA4C0C404141EB0101013C28BFB1F5D2
:10041000801FE9D291F0000F04BF01460020B1FA1D
:1004200081F308BF2033A3F10B03B3F120020CDAF0
:100430000C3208DD02F1140CC2F10C0201FA0CF0CE
:1004400021FA02F10CE002F11402D8BFC2F1200C33
:1004500001FA02F120FA0CFCDCBF41EA0C019040E9
:10046000E41AA2BF01EB0451294330BD6FEA040432
:100470001F3C1CDA0C340EDC04F11404C4F120021D
:1004800020FA04F001FA02F340EA030021FA04F32F
:1004900045EA030130BDC4F10C04C4F1200220FA86
:1004A00002F001FA04F340EA0300294630BD21FAC4
:1004B00004F0294630BD94F0000F83F4801306BF8A
:1004C00081F480110134013D4EE77FEA645C18BF7E
:1004D0007FEA655C29D094EA050F08BF90EA020F15
:1004E00005D054EA000C04BF1946104630BD91EA0D
:1004F000030F1EBF0021002030BD5FEA545C05D110
:100500004000494128BF41F0004130BD14F580044E
:100510003CBF01F5801130BD01F0004545F0FE41C2
:1005200041F470014FF0000030BD7FEA645C1ABFF7
:10053000194610467FEA655C1CBF0B46024650EA2E
:10054000013406BF52EA033591EA030F41F400215A
:1005500030BD00BF90F0000F04BF0021704730B5E0
:100560004FF4806404F132044FF000054FF00001B5
:1005700050E700BF90F0000F04BF0021704730B576
:100580004FF4806404F1320410F0004548BF40424B
:100590004FF000013EE700BF42004FEAE2014FEAA0
:1005A00031014FEA02701FBF12F07F4393F07F4F7B
:1005B00081F06051704732F07F4208BF704793F07E
:1005C0007F4F04BF41F40021704730B54FF4607491
:1005D00001F0004521F000411CE700BF50EA010294
:1005E00008BF704730B54FF000050AE050EA01023D
:1005F00008BF704730B511F0004502D5404261EBAD
:1006000041014FF4806404F132045FEA915C3FF4ED
:10061000D8AE4FF003025FEADC0C18BF03325FEA8A
:10062000DC0C18BF033202EBDC02C2F1200300FA3B
:1006300003FC20FA02F001FA03FE40EA0E0021FA60
:1006400002F11444BDE600BF844641EA000313F002
:1006500003036DD1403A41D351F8043B40F8043BC9
:1006600051F8043B40F8043B51F8043B40F8043B8C
:1006700051F8043B40F8043B51F8043B40F8043B7C
:1006800051F8043B40F8043B51F8043B40F8043B6C
:1006900051F8043B40F8043B51F8043B40F8043B5C
:1006A00051F8043B40F8043B51F8043B40F8043B4C
:1006B00051F8043B40F8043B51F8043B40F8043B3C
:1006C00051F8043B40F8043B51F8043B40F8043B2C
:1006D00051F8043B40F8043B403ABDD2303211D3CC
:1006E00051F8043B40F8043B51F8043B40F8043B0C
:1006F00051F8043B40F8043B51F8043B40F8043BFC
:10070000103AEDD20C3205D351F8043B40F8043BCB
:10071000043AF9D2043208D0D2071CBF11F8013BC9
:1007200000F8013B01D30B8803806046704700BF8F
:10073000082A13D38B078DD010F003038AD0C3F19E
:100740000403D21ADB071CBF11F8013B00F8013B80
:1007500080D331F8023B20F8023B7BE7043AD9D33F
:10076000013A11F8013B00F8013BF9D20B78037014
:100770004B7843708B788370604670470348044B16
:10078000834202D0034B03B118477047F4010024A1
:10079000F4010024000000000548064B1B1AD90F85
:1007A00001EBA301491002D0034B03B11847704776
:1007B000F4010024F40100240000000010B5064CF0
:1007C000237843B9FFF7DAFF044B13B10448AFF3C2
:1007D00000800123237010BDF401002400000000FC
:1007E000E8BE000808B5054B1BB105490548AFF345
:1007F0000080BDE80840FFF7CFBF00BF0000000049
:10080000F8010024E8BE000880B400AF074B1B6865
:100810001B68002B04D0054B1B680833034A136088
:1008200000BFBD465DF8047B704700BF1002002486
:1008300080B586B000AFF8600B467A60FB7200238B
:100840007B61214B1B68002B36D1F97A1F4B7A68EC
:10085000F86800F0E7FE0346002B03D001237B611C
:1008600000232DE0194B1B685B68174A1360174B78
:100870001B681B68164A13601EE0134B1B68144A62
:1008800012681146184600F07BFDFFF7BDFF0F4BC5
:100890001B681B68002B05D101237B610A4B0022DA
:1008A0001A6009E0094B1B685B68074A1360074B35
:1008B0001B681B68064A13607B69002BDDD0002390
:1008C00018461837BD4680BD2402002410020024BB
:1008D0002802002480B588B002AFF8607B600B4628
:1008E000FB721346BB7201237B61B97A3B6A0193A9
:1008F000FB7A0093144B7A68F86800F0F7FF034620
:10090000002B19D000231BE00F4B1B685A680E4BBD
:100910001B681B681946104600F0E4FC0346002BD8
:1009200001D001230CE0FFF76FFF074B1B681B682A
:10093000002B01D100237B617B69002BE4D10023D4
:1009400018461837BD4680BD1002002480B588B017
:1009500002AFF8607B600B46FB721346BB7201234B
:100960007B6100233B61B97A3B690193FB7A009379
:10097000144B7A68F86800F045FF0346002B19D045
:1009800000231BE00F4B1B685A680E4B1B681B684B
:100990001946104600F0A6FC0346002B01D00123A7
:1009A0000CE0FFF731FF074B1B681B68002B01D1E0
:1009B00000237B617B69002BE4D1002318461837A4
:1009C000BD4680BD1002002480B584B000AF034650
:1009D0000A46FB711346BB71FB79002B19D000232B
:1009E000FB7307F10F030121184600F07BFC03465F
:1009F000002B01D0012316E0FB79FB7307F10F03F5
:100A00000121184600F06EFC0346002B01D00123A3
:100A100009E0BB79184600F009FD0346002B01D020
:100A2000012300E0002318461037BD4680BD0000BA
:100A300080B485B000AF03460A46FB711346BB7114
:100A400097F90730062B00F2E38001A252F823F059
:100A50006D0A00089B0A0008010B0008A70B00089C
:100A60003B0B0008BB0B00080B0C0008BB790D2BDF
:100A70000FDC0B2B07DA092B02DC002B03DA08E072
:100A80000A2B03D005E00123FB7305E00123FB7370
:100A900002E0FF23FB7300BFBDE0BB790D2B2BD819
:100AA00001A252F823F000BFE10A0008ED0A000895
:100AB000ED0A0008F30A0008ED0A0008F30A00082E
:100AC000F30A0008E70A0008ED0A0008F30A000824
:100AD000F90A0008F30A0008ED0A0008E10A000814
:100AE0000523FB730BE00623FB7308E00423FB7371
:100AF00005E00223FB7302E0FF23FB7300BF8AE0E3
:100B0000BB79033B082B8CBF01220022D2B2002A02
:100B10000FD140F24D1222FA03F303F00103002B30
:100B200014BF01230023DBB2002B02D00423FB738C
:100B300002E0FF23FB7300BF6DE0BB79013B0C2B90
:100B40008CBF01220022D2B2002A28D1012202FA4F
:100B500003F341F6BB421A40002A14BF01220022CF
:100B6000D2B2002A12D103F48072002A14BF0122EB
:100B70000022D2B2002A0FD103F00403002B14BFCD
:100B800001230023DBB2002B03D108E00523FB7314
:100B900008E00323FB7305E00723FB7302E0FF2358
:100BA000FB7300BF37E0BB79032B02D10523FB7336
:100BB00002E0FF23FB7300BF2DE0BB790D2B8CBF40
:100BC00001220022D2B2002A1BD101229A4043F214
:100BD000FE031340002B14BF01230023DBB2002BC4
:100BE0000CD140F601131340002B14BF0123002346
:100BF000DBB2002B05D00723FB7305E00623FB7354
:100C000002E0FF23FB7300BF05E00723FB7302E054
:100C1000FF23FB7300BF97F90F3018461437BD460A
:100C20005DF8047B704700BF80B582B000AF1D4BFC
:100C300093F90030002B31D1FB1D0121184600F043
:100C40009FFBFA79174B5A70164B5B780A2B0DD124
:100C5000154B01221A6001210820FFF7B5FE03465B
:100C6000002B1AD0114B00221A6017E00D4B93F99C
:100C700000300C4A527811461846FFF7D9FE034659
:100C80001A46084B1A70074B93F90030B3F1FF3F37
:100C900004D1064B00221A6000E000BF0837BD46B1
:100CA00080BD00BF180200241402002400000024AC
:100CB00080B586B002AFFFF7B7FFAA4B93F90030BB
:100CC000012B1AD10421A84800F05AFBA54B93F937
:100CD0000030A44A527811461846FFF7A9FE034691
:100CE0001A46A04B1A709F4B93F90030B3F1FF3FA7
:100CF00003D19E4B00221A606AE29A4B93F90030AE
:100D0000022B1AD104219A4800F03AFB954B93F933
:100D10000030944A527811461846FFF789FE034680
:100D20001A46904B1A708F4B93F90030B3F1FF3F86
:100D300003D18E4B00221A604AE28A4B93F90030AD
:100D4000042B37D1874B9B68864A5178854A526875
:100D50001846FFF76DFD0346FB73FB7B012B03D1A8
:100D6000824B00221A6033E2FB7B002B0BD0012167
:100D70000120FFF729FE0346002B00F00E827B4B7B
:100D800000221A6024E2774B93F90030754A5278BA
:100D900011461846FFF74CFE03461A46714B1A706F
:100DA000704B93F90030B3F1FF3F03D16F4B00223A
:100DB0001A600DE26B4B93F90030032B37D1694B6E
:100DC0009868684B5A78674B5B680121FFF7BEFD56
:100DD0000346BB73BB7B012B03D1644B00221A601B
:100DE000F6E1BB7B002B0BD001210220FFF7ECFDCD
:100DF0000346002B00F0D3815C4B00221A60E7E130
:100E0000584B93F90030574A527811461846FFF76D
:100E10000FFE03461A46534B1A70524B93F900309B
:100E2000B3F1FF3F03D1514B00221A60D0E14D4B8B
:100E300093F90030052B40F054814A4B5B780D2B21
:100E400000F21D8101A252F823F000BF850E0008B8
:100E5000E70E00083B0F000829100008750F000876
:100E60009F0F0008CD0F000887100008BD0E000876
:100E70007F1000087F100008FB0F000857100008C3
:100E8000110F000800F0B2FF0346002B03D0374BD0
:100E900000221A609CE100F02CFB0346002B03D0DB
:100EA000324B00221A6093E100F032FE0346002B21
:100EB00000F0EB802D4B00221A6089E1294B9B68E2
:100EC000184600F006FB0346002B00F0E0800121ED
:100ED0000320FFF779FD0346002B00F06281234BCE
:100EE00000221A6074E11F4B9B68184600F030FB2B
:100EF0000346002B00F0CD8001210420FFF764FDA4
:100F00000346002B00F04F81184B00221A605FE16E
:100F1000144B9B68184600F04BFB0346002B00F077
:100F2000BA8001210420FFF74FFD0346002B00F09B
:100F30003C810E4B00221A604AE10A4B9B6818461E
:100F400000F048FB0346002B00F0A780012105209C
:100F5000FFF73AFD0346002B00F02981034B0022E6
:100F60001A6035E118020024200200240000002449
:100F70001C020024984B9B68184600F0B9FD0346FC
:100F8000002B00F08C8001210820FFF71DFD034697
:100F9000002B00F00E81914B00221A6018E18E4B5D
:100FA0009B688D4A52681146184600F0B9FD034609
:100FB000002B76D001210920FFF706FD0346002B08
:100FC00000F0F980854B00221A6001E1824B9B689A
:100FD000814A52681146184600F0B3FD0346002BC3
:100FE00061D001210A20FFF7EFFC0346002B00F03F
:100FF000E4807A4B00221A60EAE0774B9B68764ADD
:1010000052681146184600F05FFC0346002B4CD096
:1010100001210720FFF7D8FC0346002B00F0CF800A
:101020006E4B00221A60D3E06B4B9B686A4A526891
:101030001146184600F004FC0346002B37D001216E
:101040000620FFF7C1FC0346002B00F0BA80634B7B
:1010500000221A60BCE0604B9B68184600F0D0FA92
:101060000346002B25D001210B20FFF7ADFC0346E2
:10107000002B00F0A880594B00221A60A8E0574BC3
:1010800000221A60A4E000BF14E000BF12E000BF1D
:1010900010E000BF0EE000BF0CE000BF0AE000BFA0
:1010A00008E000BF06E000BF04E000BF02E000BFB0
:1010B00000E000BF484B93F90030474A5278114690
:1010C0001846FFF7B5FC03461A46434B1A70424BCD
:1010D00093F90030B3F1FF3F03D1404B00221A6077
:1010E00076E03D4B93F90030062B3BD10023BB60EB
:1010F000394B9868384B5A78374B5968BB6800931E
:101100000B460221FFF7E6FB0346FB71FB79012B3F
:1011100003D1324B00221A605AE0FB79002B0AD02F
:1011200001210220FFF750FC0346002B4DD02B4B32
:1011300000221A604CE0284B93F90030264A52787E
:1011400011461846FFF774FC03461A46224B1A70E4
:10115000214B93F90030B3F1FF3F03D11F4B002225
:101160001A6035E01C4B93F90030072B2FD11A4B36
:101170005B78092B2BD00123BB71BB79194600206A
:10118000FFF722FC0346002B03D0144B00221A6009
:101190001EE0114B00221A7019E000BF18E000BFDA
:1011A00016E000BF14E000BF12E000BF10E000BF77
:1011B0000EE000BF0CE000BF0AE000BF08E000BF87
:1011C00006E000BF04E000BF02E000BF00E000BF97
:1011D0001037BD4680BD00BF180200240000002467
:1011E00080B582B000AF0023FB71FFF761FD0B4BB0
:1011F0001B68002B09D00A4B1B68002B02D0FF2371
:10120000FB7104E00023FB7101E00123FB7197F9FE
:10121000073018460837BD4680BD00BF00000024D7
:101220001402002480B582B000AF8621104800F07F
:1012300047FD0346002B01D1012314E00C4B1B6832
:10124000184600F04FFD78600A4A7B6813607B689F
:101250000133094A1360094B00221A80054B1B68B1
:1012600000221A70002318460837BD4680BD00BF13
:101270002C0200243802002430020024340200240E
:1012800080B500AF00F00CFD03461A4601239A42D8
:1012900001D0012302E0FFF7C5FF0346184680BDD9
:1012A00080B500AF0D4B1A680D4B1B8801339BB204
:1012B0001946104600F024FD03461A4600239A42C0
:1012C00001D1032307E0FFF7ADFF0346002B01D058
:1012D000032300E00023184680BD00BF2C02002439
:1012E0003402002480B586B000AF786039600023F6
:1012F000FB757B683B6137E01F4B1B88802B08D157
:10130000FFF7CEFF0346FB75FB7D002B01D0FB7D75
:101310002EE0194B1B88C3F18003FB81FB893A68DF
:101320009A4202D83B689BB200E0FB89BB60134B3A
:101330001B68BA6839691846FFF786F93A68BB68CE
:10134000D31A3B60BB689AB20B4B1B8813449AB20A
:10135000094B1A803A69BB6813443B61074B1A6812
:10136000BB681344054A13603B68002BC4D1FB7D66
:1013700018461837BD4680BD3402002430020024D0
:1013800080B588B000AF786039600023FB76002319
:10139000FB617B687B613DE0224B1B88002B2ED0DC
:1013A000204B1B881A463B68934202D83B689BB28D
:1013B00001E01C4B1B887B82FB697A6913441A4A43
:1013C00011687A8A1846FFF73FF9164B1A887B8A0C
:1013D000D31A9AB2134B1A80134B1A687B8A1344A0
:1013E000114A13607B8A3A68D31A3B603B68002B32
:1013F00001D1FB7E12E07B8AFA691344FB61094943
:10140000094800F00FFCF860FB68B3F1FF3F01D121
:10141000012303E03B68002BBED1FB7E184620373A
:10142000BD4680BD3C0200244002002480B582B04D
:1014300000AF0346FB71FB79002B04D00A4B1B68FD
:1014400002221A7003E0084B1B6801221A70FFF792
:1014500027FF0346032B01D1032300E00023184696
:101460000837BD4680BD00BF3802002480B500AFFC
:1014700000F01EFC00BF80BD80B582B000AF786078
:1014800039603968786800F06DFB034601229342A9
:1014900001D001230EE0FFF7F3FE0346002B01D03D
:1014A000012307E000F0E2FF0346002B01D00123F7
:1014B00000E0002318460837BD4680BD80B500AF68
:1014C000FFF7D4FF00F0E2FF00F066FB00231846B0
:1014D00080BD80B483B000AF78607B68002B01D002
:1014E000022300E0002318460C37BD465DF8047B5C
:1014F000704780B582B000AF0823FB71FB1D01214E
:101500001846FFF7EFFE0346002B01D003231AE035
:101510000123FB71FB1D01211846FFF7E3FE034683
:10152000002B01D003230EE00423FB71FB79FB7138
:10153000FB1D01211846FFF7D5FE0346002B01D005
:10154000032300E0002318460837BD4680BD000095
:1015500080B584B000AF78600023FB730023BB60CC
:1015600009E0104ABB689B0013444FF000021A6068
:10157000BB680133BB60BB68052BF2D97B68002BCD
:1015800008D1094B1B68094A12681146184608F031
:1015900099FD01E00223FB73FB7B18461037BD4623
:1015A00080BD00BFBC020024040000240800002409
:1015B00080B485B000AF78600023FB737B68002B9C
:1015C00001D00223FB73FB7B18461437BD465DF840
:1015D000047B704780B584B000AF78600023FB7354
:1015E0007B68002B03D1054805F004FF01E00223CE
:1015F000FB73FB7B18461037BD4680BDD802002424
:1016000080B485B000AF78600023FB737B68002B4B
:1016100001D00223FB73FB7B18461437BD465DF8EF
:10162000047B704780B491B000AFF8607A603B6093
:101630000B46FB72002387F83F303B6800221A609C
:10164000FB68002B05D0022387F83F3097F83F3026
:10165000BAE0FB7A032B40F0B1805E4B1B68002B95
:1016600040F0A8800023BB635B4B7B635B4ABB6B92
:101670000C2142F83310BB6B5A1CBA63574ADB008B
:1016800013447A6B5A60564B3B63544ABB6B0C2134
:1016900042F83310BB6B5A1CBA63504ADB00134448
:1016A0003A6B5A604F4BFB624C4ABB6B0C2142F8C1
:1016B0003310BB6B5A1CBA63484ADB001344FA6A06
:1016C0005A60494BBB62454ABB6B242142F8331038
:1016D000BB6B5A1CBA63414ADB001344BA6A5A60B6
:1016E000424B7B623D4ABB6B0C2142F83310BB6B13
:1016F0005A1CBA63394ADB0013447A6A5A603C4B7D
:101700003B62364ABB6B0C2142F83310BB6B5A1C50
:10171000BA63324ADB0013443A6A5A60354BFB61C4
:101720002E4ABB6B0C2142F83310BB6B5A1CBA63B8
:101730002A4ADB001344FA695A602F4BBB61274ADF
:10174000BB6B042142F83310BB6B5A1CBA63234AAB
:10175000DB001344BA695A60284B7B611F4ABB6B9C
:10176000042142F83310BB6B5A1CBA631B4ADB00DE
:1017700013447A695A60224B3B61184ABB6B0421BF
:1017800042F83310BB6B5A1CBA63144ADB00134493
:101790003A695A60114ABB6B002142F83310BB6BA7
:1017A0005A1CBA630D4ADB00134400225A60094BED
:1017B00001221A603B68094A1A6003E0012387F896
:1017C0003F3000BF97F83F3018464437BD465DF8BC
:1017D000047B704704040024440200247C0300249A
:1017E000500200245C020024680200248C020024C1
:1017F00098020024A4020024B0020024B4020024B1
:10180000B802002480B487B000AFF8607A603B6013
:101810000B46FB720023FB753B6800221A60FB68D5
:10182000002B03D00223FB75FB7D02E00123FB7537
:10183000FB7D18461C37BD465DF8047B70470000F1
:1018400080B58AB008AF786039607B68002B01D022
:1018500002231CE03B68012B18D10F4B07930F4B61
:1018600006930F4B05930F4B04930F4B03930F4BB2
:1018700002930F4B01930F4B00930F4B0F4A1049EC
:10188000104805F0C7FD00BF002300E00123184603
:101890000837BD4680BD00BFD8020024BC0200242A
:1018A000B8020024B4020024B0020024A4020024E0
:1018B000980200248C020024680200245C020024A8
:1018C000500200244402002480B483B000AF78604A
:1018D00039607B68002B01D0022300E0002318460A
:1018E0000C37BD465DF8047B7047000080B58CB0B6
:1018F00000AFF8607A603B600B46FB72002387F80C
:101900002F303B6800221A60FB68002B05D00223B1
:1019100087F82F3097F82F30D7E0FB7A032B4AD087
:10192000032B00F3CC80012B03D0022B00F0858029
:10193000C5E0684B1B68002B20D10023BB61664BC0
:101940007B61664ABB69182142F83310BB695A1C97
:10195000BA61624ADB0013447A695A605F4ABB6924
:10196000002142F83310BB695A1CBA615B4ADB00A4
:10197000134400225A60574B01221A60012107F1DB
:101980003800FFF7AFFC0346002B01D003239CE097
:1019900097F83830092B0AD107F13C030421184687
:1019A000FFF7A0FC0346002B01D003238DE03B682A
:1019B0004A4A1A6087E04A4B1B68002B20D100235B
:1019C000BB62454B7B62474ABB6A182142F8331021
:1019D000BB6A5A1CBA62434ADB0013447A6A5A60F3
:1019E000404ABB6A002142F83310BB6A5A1CBA62F3
:1019F0003C4ADB00134400225A60394B01221A6032
:101A0000012107F13800FFF76DFC0346002B01D0E0
:101A100003235AE097F83830092B0AD107F13C0329
:101A200004211846FFF75EFC0346002B01D0032378
:101A30004BE03B682B4A1A6045E02B4B1B68002BA0
:101A400020D100233B62244BFB61284A3B6A1821CA
:101A500042F833103B6A5A1C3A62244ADB001344B2
:101A6000FA695A60214A3B6A002142F833103B6A06
:101A70005A1C3A621D4ADB00134400225A601A4B7A
:101A800001221A60012107F13800FFF72BFC034601
:101A9000002B01D0032318E097F83830092B0AD126
:101AA00007F13C0304211846FFF71CFC0346002BFA
:101AB00001D0032309E03B680C4A1A6003E00123CC
:101AC00087F82F3000BF97F82F3018463037BD46C3
:101AD00080BD00BF08040024BC020024E4030024ED
:101AE0000C040024D403002410040024F403002474
:101AF00080B483B000AF78607B68002B01D00223F4
:101B000000E0002318460C37BD465DF8047B7047A3
:101B100080B400AF00231846BD465DF8047B7047D3
:101B200080B483B000AF786039607B68002B01D04F
:101B3000022300E0012318460C37BD465DF8047B04
:101B4000704780B483B000AF786039607B68002B49
:101B500001D0022300E0012318460C37BD465DF892
:101B6000047B704780B582B000AF78603960396817
:101B7000786800F035FD0346064A1360054B1B6884
:101B8000B3F1FF3F01D1002300E0012318460837DD
:101B9000BD4680BD1404002480B500AF064B1B6811
:101BA000184600F07FFD0346002B01D1012300E021
:101BB0000023184680BD00BF1404002480B588B0FF
:101BC00000AF78600B46FB7013463B80FB78FB73DD
:101BD0003B88FB61FB690533BB61FB69BB607B68CC
:101BE0007B617B69002B01D1002315E0FA7B7B69C7
:101BF0001A707B690133BA681A60094B1B68BA69AD
:101C00007969184600F08EF838613B69B3F1FF3FFF
:101C100001D1002300E0012318462037BD4680BDD6
:101C20001404002480B586B000AF786039600023CA
:101C30003B61194B1B6807F10F010122184600F0A8
:101C4000A3F878617B69B3F1FF3F01D100231EE067
:101C5000114B1B6807F110010422184600F094F89C
:101C600078617B69B3F1FF3F01D100230FE00A4B9C
:101C70001B683A690949184600F086F878617B6864
:101C8000064A1A603B699AB23B681A8001231846DB
:101C90001837BD4680BD00BF14040024180400247A
:101CA00080B400AF01231846BD465DF8047B704741
:101CB00080B400AF00BFBD465DF8047B70470000F4
:101CC00080B483B000AF78600B467B807B68044AA9
:101CD0001A60012318460C37BD465DF8047B704737
:101CE000A004002480B483B000AF7860034B184692
:101CF0000C37BD465DF8047B704700BFA504002487
:101D000080B582B000AF78600B467B807B881A4636
:101D100001217868FFF752FF0346DBB21846083707
:101D2000BD4680BD80B58AB000AFF860B9607A600A
:101D300000237B62BB683B624FF0FF33FB611BE01B
:101D40007A68FB69934228BF1346BB6107F114030D
:101D5000BA69396AF86800F065FC78627B6AB3F1A9
:101D6000FF3F01D17B6A0BE07B697A68D31A7B6005
:101D70007B693A6A13443B627B68002BE0D17B6A43
:101D800018462837BD4680BD80B58AB000AFF860E0
:101D9000B9607A6000237B62BB683B624FF0FF331F
:101DA000FB611BE07A68FB69934228BF1346BB6165
:101DB00007F11403BA69396AF86800F04FFC7862D9
:101DC0007B6AB3F1FF3F01D17B6A0BE07B697A68E4
:101DD000D31A7B607B693A6A13443B627B68002BB1
:101DE000E0D17B6A18462837BD4680BD80B500AF7C
:101DF00000F008F80346002B01D0012300E0002387
:101E0000184680BD80B582B000AF0323BB7108F0D7
:101E10002BFA00F02EF80346FB71FB79002B01D062
:101E2000FB7922E000F044F80346FB71FB79002BBC
:101E300001D0FB7919E000F09FF80346FB71FB79B4
:101E4000002B01D0FB7910E0BB1D0121184600F0EA
:101E500097FA0346FB71FB79002B01D0FB7904E074
:101E600000F0E4FA0346FB71FB7918460837BD46DB
:101E700080BD80B582B000AF0123BB71BB1D0121C5
:101E8000184600F07DFA0346FB71FB79002B01D068
:101E9000FB7909E000F0CAFA0346FB71FB79002BDD
:101EA00001D0FB7900E0FB7918460837BD4680BDBC
:101EB00090B583B000AF0223BB71BB1D0121184652
:101EC00000F05EFA0346FB71FB79002B01D0FB7931
:101ED00045E00023BB71BB1D0121184600F050FAFC
:101EE0000346FB71FB79002B01D0FB7937E01E4BD9
:101EF0005B6BDAB21D4B1A7001211C4800F040FAEE
:101F00000346FB71FB79002B01D0FB7927E0174BCF
:101F10001B78002B19D0144B5B6BD9B2144B5B6B45
:101F2000DCB2144B1A785B781B021343002063F376
:101F30000F0023460A46012100F0CEF90346FB714B
:101F4000FB79002B01D0FB7909E000F06FFA034622
:101F5000FB71FB79002B01D0FB7900E0FB7918467F
:101F60000C37BD4690BD00BF640000242605002448
:101F700028C200081406002480B582B000AF0023F8
:101F8000FB700023BB70BB1C0121184600F0F8F960
:101F90000346FB70FB78002B01D0FB7835E0002373
:101FA0007B6025E01B4B1B885A1D1B4B1B689A420C
:101FB0000FD900F03BFA0346FB70FB78002B01D0F1
:101FC000FB7822E0BB1C0121184600F0D9F903463A
:101FD000FB707B68DBB2184600F020F80346FB700C
:101FE000FB78002B01D0FB780FE07B6801337B602E
:101FF0007B68112BD6DD00F019FA0346FB70FB78E5
:10200000002B01D0FB7800E0FB7818460837BD466E
:1020100080BD00BF300500240C00002480B584B0D2
:1020200000AF0346FB71FB79112B00F2478101A23F
:1020300052F823F07D20000899200008BD200008F8
:10204000D9200008A9210008212100084521000805
:1020500061210008C521000885210008FD20000835
:1020600005220008E1210008212200083D22000885
:10207000592200087D22000899220008934B1B6812
:10208000DAB2934B1B68DBB292480021006800F083
:1020900023F90346FB7314E18C4B5B68DAB28C4B7B
:1020A0005B68D9B28B4B5B88002063F30F000B4653
:1020B000012100F011F90346FB7302E1834B9B6899
:1020C000DAB2834B9B68DBB282480221406800F0A1
:1020D00003F90346FB73F4E07C4BDB68DAB27C4B1C
:1020E000DB68D9B27B4BDB88002063F30F000B4623
:1020F000032100F0F1F80346FB73E2E0734B1B6B26
:10210000DAB2734B1B6BD9B2724B5B8B002063F35B
:102110000F000B460A2100F0DFF80346FB73D0E006
:102120006A4B5B69DAB26A4B5B69D9B2694B5B890E
:10213000002063F30F000B46052100F0CDF80346A5
:10214000FB73BEE0614B9B69DAB2614B9B69DBB20A
:1021500060480621C06800F0BFF80346FB73B0E09A
:102160005A4BDB69DAB25A4BDB69D9B2594BDB897E
:10217000002063F30F000B46072100F0ADF8034683
:10218000FB739EE0514B5B6ADAB2514B5B6AD9B28A
:10219000504B5B8A002063F30F000B46092100F0CF
:1021A0009BF80346FB738CE0484B1B69DAB2484B43
:1021B0001B69DBB247480421806800F08DF80346B4
:1021C000FB737EE0414B1B6ADAB2414B1B6ADBB208
:1021D00040480821006900F07FF80346FB7370E077
:1021E0003A4B93F829203A4B93F82910394BDB8A64
:1021F000002063F30F000B460C2100F06DF803463E
:10220000FB735EE0314BDB6ADAB2314BDB6ADBB287
:1022100030480B21806900F05FF80346FB7350E003
:102220002A4B93F828202A4B93F8283029480D216F
:10223000406900F051F80346FB7342E0234BDB6B2F
:10224000DAB2234BDB6BDBB222480E21C06900F00F
:1022500043F80346FB7334E01C4B1B6CDAB21C4B97
:102260001B6CD9B21B4BDB8B002063F30F000B46BA
:102270000F2100F031F80346FB7322E0134B5B6C37
:10228000DAB2134B5B6CDBB212481021006A00F02B
:1022900023F80346FB7314E00C4B9B6CDAB20C4B37
:1022A0009B6CD9B20B4B5B8C002063F30F000B4689
:1022B000112100F011F80346FB7302E00223FB73C7
:1022C00000BFFB7B18461037BD4680BD640000246C
:1022D00028C20008EC05002480B584B000AFB880A7
:1022E000084611461A460346FB700B46BB70134660
:1022F0007B70FB1C0121184600F042F80346FB737B
:10230000FB7B002B01D0FB7B36E03B79BB7307F1F5
:102310000E030121184600F033F80346FB73FB7BE4
:10232000002B01D0FB7B27E07B79BB7307F10E0309
:102330000121184600F024F80346FB73FB7B002BB9
:1023400001D0FB7B18E0BB1C0121184600F018F8F7
:102350000346FB73FB7B002B01D0FB7B0CE07B1C5B
:102360000121184600F00CF80346FB73FB7B002BA1
:1023700001D0FB7B00E0FB7B18461037BD4680BDDB
:1023800080B584B000AF786039600023FB733B6890
:10239000BB60134B1B881A46BB681A44114B1B6861
:1023A0009A4203D90223FB73FB7B15E00E4B1B689B
:1023B000BA6879681846FEF747F9BB689AB2084BC5
:1023C0001B8813449AB2064B1A80074B1A68BB68E5
:1023D0001344054A1360FB7B18461037BD4680BD89
:1023E000300500240C0000242C05002480B500AF2B
:1023F00020210B4800F060F80346002B01D1012397
:102400000BE0074B1B68184600F068F80346054AC6
:102410001360054B00221A800023184680BD00BFC0
:10242000280500242C0500243005002480B500AFC9
:102430000C4B1B680C4A12881146184600F05CF8D9
:1024400003461A4600239A4201D1022307E0FFF710
:10245000CDFF0346002B01D0022300E000231846E5
:1024600080BD00BF280500243005002480B500AFE2
:1024700000F012F803461A4601239A4201D00123C4
:1024800002E0FFF7B3FF0346184680BD80B500AFFA
:1024900000F00AF800BF80BD80B400AF01231846E9
:1024A000BD465DF8047B704780B400AF00BFBD46F9
:1024B0005DF8047B7047000080B483B000AF7860A3
:1024C0000B467B807B68044A1A60012318460C3750
:1024D000BD465DF8047B70473405002480B483B0AA
:1024E00000AF7860034B18460C37BD465DF8047B9F
:1024F000704700BF3905002480B582B000AF786016
:102500000B467B807B881A4603217868FFF756FBD1
:102510000346DBB218460837BD4680BD80B586B09D
:1025200000AF0023FB7500233B6101237B60002388
:10253000FB600023BB60B968F868FEF79DFF0346A7
:10254000FB7597F91730002B14BF01230023DBB272
:102550003B6118E0FEF744FE0346FB7597F9173020
:10256000002B10D097F91730B3F1FF3F09D1FEF7D8
:10257000A5FF0346002B14BF01230023DBB23B6100
:1025800001E001233B617B68002B02D03B69002BFB
:10259000E0D03B69002B03D000BF7B68002BFCD14F
:1025A00097F9173018461837BD4680BD80B582B000
:1025B00000AF04F0D9F902F0D5F801F0ADFA02F05D
:1025C000F2F902F007FA02F049F902F0E5F9FFF733
:1025D000A5FF78607B6818460837BD4680BD0000BF
:1025E00080B584B000AF786039600023FB60094B90
:1025F000094A1A60074B1B68084AD361074801F073
:1026000079F80346064A1360FB6818461037BD4642
:1026100080BD00BF580500240000003010000024D9
:102620005405002480B586B002AFF860B9607A60C6
:102630003B603B6800221A60074B18683B680093B8
:102640004FF47A737A68B96801F04EF9002318469E
:102650001037BD4680BD00BF5405002480B586B04C
:1026600000AFF860B9607A603B603B6800221A6096
:102670000B4B1B6800227968184600F05AFD786100
:102680007B69002B06D0064B18683B687A69B968ED
:1026900001F0FCF8002318461837BD4680BD00BF86
:1026A0005405002480B582B000AF7860044B1B68ED
:1026B000184601F0DBF9002318460837BD4680BDF7
:1026C0005405002480B400AF044BDB681B0A03F000
:1026D00007031846BD465DF8047B704700ED00E037
:1026E00080B483B000AF0346FB80B7F90630002BFF
:1026F0000BDBFB8803F01F020749B7F906305B09C3
:10270000012000FA02F241F8232000BF0C37BD4639
:102710005DF8047B704700BF00E100E080B483B047
:1027200000AF03463960FB80B7F90630002B0ADBA7
:102730003B68DAB20C49B7F906301201D2B20B4449
:1027400083F800230AE03B68DAB20849FB8803F00B
:102750000F03043B1201D2B20B441A7600BF0C37B0
:10276000BD465DF8047B704700E100E000ED00E04D
:1027700080B489B000AFF860B9607A60FB6803F09C
:102780000703FB61FB69C3F10703042B28BF042384
:10279000BB61FB690433062B02D9FB69033B00E0F4
:1027A00000237B614FF0FF32BB6902FA03F3DA4387
:1027B000BB681A407B699A404FF0FF317B6901FA90
:1027C00003F3D9437B680B40134318462437BD46B7
:1027D0005DF8047B7047000080B485B000AF78607E
:1027E00039607B68FB600C4A3B6813441B781A46CF
:1027F000FB6813441B6808493A680A44127811467A
:10280000FA680A4443F00103136000BF1437BD4661
:102810005DF8047B704700BF24BF000880B485B01A
:1028200000AF786039607B68FB600C4A3B681344FA
:102830001B781A46FB6813441B6808493A680A4427
:1028400012781146FA680A4423F00103136000BFAE
:102850001437BD465DF8047B704700BF24BF0008F5
:1028600080B485B000AF786039607B68FB60084A4F
:102870003B6813441B781A46FB6813441B6803F437
:10288000907318461437BD465DF8047B704700BF4F
:1028900024BF000880B487B000AFF860B9607A60E8
:1028A000FB687B610D4ABB6813441B781A467B6941
:1028B00013445A680A4B13400849BA680A4412780C
:1028C00011467A690A4411467A6813434B6000BF87
:1028D0001C37BD465DF8047B704700BF24BF00086D
:1028E0000000FFFF80B485B000AF786039607B687E
:1028F000FB60074A3B6813441B781A46FB68134485
:102900005B689BB218461437BD465DF8047B704780
:1029100024BF000880B487B000AFF860B9607A6067
:102920003B60FB687B613B6A402B14D1174ABB6854
:1029300013441B781A467B6913441A467B68D3609C
:10294000124ABB6813441B781A467B6913441A4623
:102950003B68936013E00D4ABB6813441B781A462A
:102960007B6913441A467B689360084ABB6813442A
:102970001B781A467B6913441A463B68D36000BF34
:102980001C37BD465DF8047B704700BF24BF0008BC
:1029900080B483B000AF78607B681B6803F02003CD
:1029A000202B01D1012300E0002318460C37BD463F
:1029B0005DF8047B704780B483B000AF78607B68BB
:1029C00020229A6000BF0C37BD465DF8047B70473B
:1029D00080B485B000AF786039607B68FB600C4ADA
:1029E0003B6813441B781A46FB6813441B6808496C
:1029F0003A680A4412781146FA680A4443F0100310
:102A0000136000BF1437BD465DF8047B704700BFFC
:102A100024BF000880B485B000AF786039607B685F
:102A2000FB600C4A3B6813441B781A46FB6813444E
:102A30001B6808493A680A4412781146FA680A4441
:102A400023F01003136000BF1437BD465DF8047B0C
:102A5000704700BF24BF000880B485B000AF786025
:102A600039607B68FB600A4A3B6813441B781A464E
:102A7000FB6813441B6803F01003102B01D10123E2
:102A800000E0002318461437BD465DF8047B70470C
:102A900024BF000880B483B000AF78607B681B68F7
:102AA00043F001027B681A6000BF0C37BD465DF839
:102AB000047B704780B483B000AF78607B681B688C
:102AC00023F001027B681A6000BF0C37BD465DF839
:102AD000047B704780B483B000AF78607B685B682C
:102AE00003F48013B3F5801F01D1012300E000231C
:102AF00018460C37BD465DF8047B704780B483B040
:102B000000AF78607B68DB6903F00103012B01D122
:102B1000012300E0002318460C37BD465DF8047B16
:102B2000704780B483B000AF78607B68DB6903F0E6
:102B30000203022B01D1012300E0002318460C37C9
:102B4000BD465DF8047B704780B483B000AF786009
:102B50007B68DB6903F00403042B01D1012300E04F
:102B6000002318460C37BD465DF8047B704780B4DF
:102B700083B000AF78607B68DB6903F00803082B43
:102B800001D1012300E0002318460C37BD465DF853
:102B9000047B704780B483B000AF78607B68DB69EA
:102BA00003F04003402B01D1012300E0002318462D
:102BB0000C37BD465DF8047B704780B483B000AF2E
:102BC00078607B68DB6903F08003802B01D10123EF
:102BD00000E0002318460C37BD465DF8047B7047C3
:102BE00080B483B000AF78607B68DB6903F4804316
:102BF000B3F5804F01D1012300E0002318460C37C4
:102C0000BD465DF8047B704780B483B000AF786048
:102C10007B68DB6903F40043B3F5004F01D1012366
:102C200000E0002318460C37BD465DF8047B704772
:102C300080B483B000AF78607B6801221A6200BF65
:102C40000C37BD465DF8047B704780B483B000AF9D
:102C500078607B6802221A6200BF0C37BD465DF8BF
:102C6000047B704780B483B000AF78607B68042237
:102C70001A6200BF0C37BD465DF8047B704780B414
:102C800083B000AF78607B6808221A6200BF0C37FF
:102C9000BD465DF8047B704780B483B000AF7860B8
:102CA0007B6810221A6200BF0C37BD465DF8047BBA
:102CB000704780B489B000AF78607B68FB60FB68C8
:102CC00053E8003FBB60BB6843F02003FB617B68B7
:102CD000FA69BA617B617969BA6941E800233B61AD
:102CE0003B69002BE9D100BF00BF2437BD465DF82A
:102CF000047B704780B489B000AF78607B68FB606C
:102D0000FB6853E8003FBB60BB6843F48073FB6122
:102D10007B68FA69BA617B617969BA6941E8002325
:102D20003B613B69002BE9D100BF00BF2437BD46A2
:102D30005DF8047B704780B489B000AF78607B6831
:102D40000833FB60FB6853E8003FBB60BB6843F09F
:102D50000103FB617B680833FA69BA617B617969B9
:102D6000BA6941E800233B613B69002BE7D100BF12
:102D700000BF2437BD465DF8047B704780B489B03E
:102D800000AF78607B68FB60FB6853E8003FBB6086
:102D9000BB6823F01003FB617B68FA69BA617B6151
:102DA0007969BA6941E800233B613B69002BE9D1AD
:102DB00000BF00BF2437BD465DF8047B704780B478
:102DC00089B000AF78607B68FB60FB6853E8003F28
:102DD000BB60BB6823F02003FB617B68FA69BA61C2
:102DE0007B617969BA6941E800233B613B69002B4B
:102DF000E9D100BF00BF2437BD465DF8047B7047B2
:102E000080B489B000AF78607B68FB60FB6853E8F2
:102E1000003FBB60BB6823F08003FB617B68FA69FD
:102E2000BA617B617969BA6941E800233B613B691A
:102E3000002BE9D100BF00BF2437BD465DF8047BFD
:102E4000704780B489B000AF78607B68FB60FB6836
:102E500053E8003FBB60BB6823F48073FB617B6871
:102E6000FA69BA617B617969BA6941E800233B611B
:102E70003B69002BE9D100BF00BF2437BD465DF898
:102E8000047B704780B489B000AF78607B680833FA
:102E9000FB60FB6853E8003FBB60BB6823F00103A5
:102EA000FB617B680833FA69BA617B617969BA6949
:102EB00041E800233B613B69002BE7D100BF00BF25
:102EC0002437BD465DF8047B704780B489B000AFFD
:102ED00078607B680833FB60FB6853E8003FBB60A9
:102EE000BB6843F04003FB617B680833FA69BA6151
:102EF0007B617969BA6941E800233B613B69002B3A
:102F0000E7D100BF00BF2437BD465DF8047B7047A2
:102F100080B489B000AF78607B680833FB60FB68E1
:102F200053E8003FBB60BB6823F04003FB617B6854
:102F30000833FA69BA617B617969BA6941E80023AB
:102F40003B613B69002BE7D100BF00BF2437BD4682
:102F50005DF8047B704780B489B000AF78607B680F
:102F60000833FB60FB6853E8003FBB60BB6843F07D
:102F70008003FB617B680833FA69BA617B61796918
:102F8000BA6941E800233B613B69002BE7D100BFF0
:102F900000BF2437BD465DF8047B704780B489B01C
:102FA00000AF78607B680833FB60FB6853E8003F44
:102FB000BB60BB6823F08003FB617B680833FA6960
:102FC000BA617B617969BA6941E800233B613B6979
:102FD000002BE7D100BF00BF2437BD465DF8047B5E
:102FE000704780B485B000AF786039603B68002BD3
:102FF00003D17B682833FB6002E07B682433FB60ED
:10300000FB6818461437BD465DF8047B704780B4F2
:1030100083B000AF78607B685B6ADBB218460C3720
:10302000BD465DF8047B704780B483B000AF786024
:103030000B46FB70FA787B689A6200BF0C37BD467E
:103040005DF8047B704780B483B000AF78607B6824
:103050009B6943F001027B689A6100BF0C37BD4653
:103060005DF8047B704780B586B000AF78607B6800
:1030700093F83C30FB737B689B7D03F00403002BCB
:1030800003D07B681B6B7B610DE07B685A687B68B3
:103090001B7C19461046FFF725FCB8607B685A6A0E
:1030A000BB68D31A7B617B685B6A7A699A4201D1FB
:1030B00000237B61FB7B012B14D17B689B7D03F09C
:1030C0001003002B0ED07B68DB6A7A699A4209D91B
:1030D0007B681B8B43F020039AB27B681A837B6862
:1030E0007A69DA627B68DB6A7A699A4205D97B6819
:1030F000DB6A7A69D31A3B6116E07B68DB6A7A691E
:103100009A4208D27B685A6A7B68DB6AD31A7A696A
:1031100013443B6108E0FB7B012B03D17B685B6AB6
:103120003B6101E000233B613B6918461837BD460F
:1031300080BD80B588B000AFF860B9607A600023C8
:10314000BB61F868FFF78FFF0246BB68934215D951
:103150007B68002B12D003F057FC786100BFF86841
:10316000FFF781FF0246BB68934207D901217869C6
:1031700000F0FAFC02467B689342F0D2F868FFF751
:1031800072FFB861BA69BB689A4202D2BB69FB613F
:1031900001E0BB68FB61FB6918462037BD4680BD76
:1031A00080B586B000AFF860B9607A603B603B687C
:1031B00000221A600023FB82FB68DA6A7B681A44EB
:1031C000FB685B6A9A4227D9FB685A6AFB68DB6A2C
:1031D000D31A3B61FB68DA69FB68DB6A13443A691E
:1031E0001946B868FDF730FAFB68DA6A7B681A445A
:1031F000FB685B6AD21AFB68DA623B69BA68D0186E
:10320000FB68D969FB68DB6A1A46FDF71DFAFB68A3
:10321000002283F83C200FE0FB68DA69FB68DB6A78
:1032200013447A681946B868FDF70EFAFB68DA6A43
:103230007B681A44FB68DA62FB68DA6AFB685B6ADF
:103240009A4206D1FB680022DA62FB68002283F80A
:103250003C20F86800F082F90346FB823B687A68FC
:103260001A60FB8A18461837BD4680BD80B584B009
:1032700000AFF860B9607A60FB685A68FB681B7C35
:1032800019461046FFF7E8FB0346002B54D0FB68B5
:103290005A68BB68104698470346002B4CD0FB6821
:1032A0005A687B6810469847FB6893F83C30012BBE
:1032B00009D1FB681B8B43F020039AB2FB681A8389
:1032C000FB680022DA62FB68012283F83C20FB687D
:1032D0005A68FB681B7C19461046FFF7C1FA034683
:1032E000002B29D1FB681B7D002B0BD0FB681B7DBD
:1032F000012B21D1FB681B8B002B03D0FB681B8BA0
:10330000202B19D1FB685A68FB681B7C19461046B4
:10331000FFF784FAFB685868FB681B7C1946FB685A
:103320005B6A1A46FFF7B6FAFB685A68FB681B7CB3
:1033300019461046FFF750FA00BF1037BD4680BD52
:1033400080B584B000AF78600023FB737B681B6896
:103350001846FFF70CFC0346012B08D17B681B8B3A
:1033600043F002039AB27B681A830123FB737B68E4
:103370001B681846FFF7D5FB0346012B08D17B6875
:103380001B8B43F008039AB27B681A830123FB73FB
:103390007B681B681846FFF7D7FB0346012B08D153
:1033A0007B681B8B43F010039AB27B681A8301235E
:1033B000FB737B681B681846FFF7A0FB0346012BD5
:1033C00008D17B681B8B43F004039AB27B681A8395
:1033D0000123FB73FB7B012B32D17B681B7D012B0F
:1033E00015D17B689B7D03F00403002B0AD07B681A
:1033F0001B681846FFF7E3FC7B681B681846FFF75D
:10340000BDFC04E07B681B681846FFF781FD7B6804
:103410001B681846FFF70CFC7B681B681846FFF713
:103420002EFC7B681B681846FFF70FFC7B681B6847
:103430001846FFF717FC7B681B681846FFF72CFC43
:1034400000BF1037BD4680BD80B500AF0248FFF712
:1034500077FF00BF80BD00BF5C05002480B500AFD2
:10346000034A04490448FFF701FF00BF80BD00BFC5
:10347000B7290008912900085C050024B0B584B084
:1034800002AF78607B685C687B681B7C1D467B684C
:103490001B6801211846FFF7A4FD02467B68DB6923
:1034A0001946002300930B4629462046FFF732FABF
:1034B0007B6858687B681B7C19467B685B6A1A4688
:1034C000FFF7E8F97B685A687B681B7C1946104651
:1034D000FFF77EFA7B681B681846FFF7F6FC7B68EF
:1034E0001B689A687B681B6842F040029A607B68A0
:1034F0005A687B681B7C19461046FFF76DF900BFC0
:103500000837BD46B0BDF0B585B002AF78607B68C6
:103510009C687B685B7C1D467B681B6A1E467B68DB
:103520001B6800211846FFF75CFD0346402200920D
:10353000324629462046FFF7EDF97B689A687B689A
:103540005B7C19461046FFF743FA7B681B681846F8
:10355000FFF701FD00BF0C37BD46F0BD80B584B05C
:1035600000AF78600023FB817B681B8B03F0200396
:10357000002B0AD0FB8943F02003FB817B681B8B67
:1035800023F020039AB27B681A837B681B684F4A3A
:1035900093422CD07B681B684D4A934227D07B68AE
:1035A0001B684C4A934222D07B681B684A4A93426C
:1035B0001DD07B681B68494A934218D07B681B6802
:1035C000474A934213D07B681B68464A93420ED009
:1035D0007B681B68444A934209D07B681B68434A56
:1035E000934204D07B681B68414A934220D17B6898
:1035F0001B681846FFF76EFA0346002B18D07B684D
:103600001B681846FFF700FB0346002B10D07B68B1
:103610001B681846FFF7E4FA0346002B08D0FB8925
:1036200043F40073FB817B681B681846FFF70BFDB2
:103630007B681B7D002B08D17B681A8BFB891343A9
:10364000FB817B6800221A833AE07B681B7D012B9B
:1036500036D17868FFF707FD0346002B30D17B6831
:103660001B8B002B2CD07B681A8BFB891343FB81AF
:103670007B6800221A837B689B7D03F00403002B88
:103680000FD07B681B681846FFF7C1FC7B681B687E
:103690001846FFF7F4FA7B681B681846FFF709FB2A
:1036A0000EE07B681B681846FFF7B1FC7B681B685F
:1036B0001846FFF7E4FA7B681B681846FFF705FC1D
:1036C000FB8918461037BD4680BD00BF0010014081
:1036D0000044004000480040004C004000500040C2
:1036E0000014014000780040007C004000180140B8
:1036F000001C014080B584B000AF78607B681B6817
:103700001A46604B9A4202D15F4BFB6002E00023F5
:10371000FB6000BFFB68002B00F0AF80FB685A7DA8
:103720007B685B7D1343DAB2FB685A75FB689A7D50
:103730007B689B7D1343DAB2FB689A757B681A68D5
:10374000FB681A60FB6800221A83FB6800225A8318
:10375000FB681B681846FFF7ADF97B685B7D03F0DB
:103760000103002B3CD07B685A6AFB685A627B6875
:10377000DA69FB68DA61FB680022DA62FB68002222
:103780001A637B681A7DFB681A75FB68002283F850
:103790003C20FB689B7D03F01003002B15D07B6859
:1037A0005A68FB685A607B681A7CFB681A74F86870
:1037B000FFF764FEFB681B681846FFF7BCFAFB685E
:1037C0001B681846FFF796FA0AE0FB689B7D03F03A
:1037D0000403002B04D0FB681B681846FFF769FA46
:1037E0007B685B7D03F00203002B27D07B689A6A1D
:1037F000FB689A627B681A6AFB681A62FB6800229F
:103800005A63FB6800229A63FB6800229A74FB6883
:103810000022DA74FB689B7D03F02003002B0DD09F
:103820007B689A68FB689A607B685A7CFB685A746C
:10383000FB680022DA60F868FFF765FEFB681B682A
:103840001846FFF727F97B681B681A460D4B9A420A
:1038500010D1FEF737FF0346002200211846FEF77D
:1038600087FF034619462720FEF758FF2720FEF75B
:1038700037FF02E00023FB6000BFFB6818461037EB
:10388000BD4680BD004800405C05002480B586B080
:1038900000AFF860B9607A603B603B6800221A6054
:1038A000FB685B8B03F48073002B02D04FF48073B2
:1038B00016E0FB685B8B43F480739AB2FB685A8313
:1038C0003B687A68B968F868FFF76AFC0346FB82D0
:1038D000FB685B8B23F480739AB2FB685A83FB8A84
:1038E00018461837BD4680BD80B588B000AFF86077
:1038F000B9607A603B60BB6A00221A60BB68BB613A
:10390000FB685B8B03F08003002B01D08023A9E0D0
:10391000FB685B8B43F080039AB2FB685A830023F9
:10392000FB6100237B610023FB614AE0FB681B68AD
:103930001846FFF742F90346002B36D13B68002BAF
:1039400027D003F061F8786100BFFB681B68184658
:10395000FFF733F90346002B07D10121786900F006
:1039600003F902463B689342EFD20121786900F0E7
:10397000FBF802463B68934217D2BB6AFA691A60A9
:10398000FB685B8B23F080039AB2FB685A83402369
:1039900068E0BB6AFA691A60FB685B8B23F08003FE
:1039A0009AB2FB685A8340235CE0FB681868BA69E6
:1039B000FB6913441B781946FFF736FBFB6901339B
:1039C000FB61FA697B689A42B0D3FB681B681846B2
:1039D000FFF7E0F80346002B39D13B68002B29D0D4
:1039E00003F012F8786114E00121786900F0BCF866
:1039F00002463B6893420CD27B685A1EBB6A1A602F
:103A0000FB685B8B23F080039AB2FB685A834023E8
:103A100028E0FB681B681846FFF7BCF80346002B3C
:103A200015D10121786900F09FF802463B68934266
:103A3000DAD20CE07B685A1EBB6A1A60FB685B8BAB
:103A400023F080039AB2FB685A8340230AE0BB6AE2
:103A50007A681A60FB685B8B23F080039AB2FB687C
:103A60005A83002318462037BD4680BD80B582B0FA
:103A700000AF78607B681B681846FFF71BF87B680F
:103A80009B7D03F02003002B0DD07B689A687B6838
:103A90005B7C19461046FEF7BDFF7B681B68184625
:103AA000FFF77CFA0AE07B689B7D03F00803002B9C
:103AB00004D07B681B681846FFF7A2F97B689B7DE2
:103AC00003F01003002B17D07B681B681846FFF724
:103AD000D9F97B681B681846FFF7B3F97B685A6809
:103AE0007B681B7C19461046FEF794FF7B681B68B9
:103AF0001846FFF70DFA0AE07B689B7D03F004038C
:103B0000002B04D07B681B681846FFF758F900BFEC
:103B10000837BD4680BD000080B400AF00BFBD4681
:103B20005DF8047B704700BF10B50E4C82B0636A2D
:103B3000019302F069FF0090626A019B9A4207D3E9
:103B4000009B4FF47A72019802FB030002B010BD93
:103B500002F05AFF636A4FF47A7202FB003002B03F
:103B600010BD00BF000C004010B5044641B9FFF77E
:103B7000DBFF0346181BA34238BF00F1FF3010BD26
:103B800002F042FF0346181BA34238BF00F1FF308A
:103B900010BD00BF80B400AF044BDB681B0A03F00C
:103BA00007031846BD465DF8047B704700ED00E052
:103BB00080B483B000AF0346FB80B7F90630002B1A
:103BC0000BDBFB8803F01F020749B7F906305B09DE
:103BD000012000FA02F241F8232000BF0C37BD4655
:103BE0005DF8047B704700BF00E100E080B483B063
:103BF00000AF03463960FB80B7F90630002B0ADBC3
:103C00003B68DAB20C49B7F906301201D2B20B4464
:103C100083F800230AE03B68DAB20849FB8803F026
:103C20000F03043B1201D2B20B441A7600BF0C37CB
:103C3000BD465DF8047B704700E100E000ED00E068
:103C400080B489B000AFF860B9607A60FB6803F0B7
:103C50000703FB61FB69C3F10703042B28BF04239F
:103C6000BB61FB690433062B02D9FB69033B00E00F
:103C700000237B614FF0FF32BB6902FA03F3DA43A2
:103C8000BB681A407B699A404FF0FF317B6901FAAB
:103C900003F3D9437B680B40134318462437BD46D2
:103CA0005DF8047B7047000080B487B000AFF86017
:103CB000B9607A60FB687B610D4ABB6813441B786E
:103CC0001A467B6913441B6823F0C0020849BB688D
:103CD0000B441B7819467B690B4419467B681343D8
:103CE0000B6000BF1C37BD465DF8047B704700BF0A
:103CF0002CBF000880B487B000AFF860B9607A606C
:103D0000FB687B610D4ABB6813441B781A467B69CC
:103D100013441B6823F490720849BB680B441B785A
:103D200019467B690B4419467B6813430B6000BF3F
:103D30001C37BD465DF8047B704700BF2CBF0008F0
:103D400080B487B000AFF860B9607A60FB687B61CF
:103D50000D4ABB6813441B781A467B6913441B68E1
:103D600023F400720849BB680B441B7819467B6931
:103D70000B4419467B6813430B6000BF1C37BD46DC
:103D80005DF8047B704700BF2CBF000880B487B08B
:103D900000AFF860B9607A60FB687B610D4ABB6870
:103DA00013441B781A467B6913441B6823F4806212
:103DB0000849BB680B441B7819467B690B441946BC
:103DC0007B6813430B6000BF1C37BD465DF8047B66
:103DD000704700BF2CBF000880B487B000AFF86008
:103DE000B9607A60FB687B610D4ABB6813441B783D
:103DF0001A467B6913441B6823F4C0520849BB6808
:103E00000B441B7819467B690B4419467B681343A6
:103E10000B6000BF1C37BD465DF8047B704700BFD8
:103E20002CBF000880B487B000AFF860B9607A603A
:103E3000FB687B610D4ABB6813441B781A467B699B
:103E400013441B6823F4C0420849BB680B441B7829
:103E500019467B690B4419467B6813430B6000BF0E
:103E60001C37BD465DF8047B704700BF2CBF0008BF
:103E700080B487B000AFF860B9607A60FB687B619E
:103E80000D4ABB6813441B781A467B6913441B68B0
:103E900023F440320849BB680B441B7819467B6900
:103EA0000B4419467B6813430B6000BF1C37BD46AB
:103EB0005DF8047B704700BF2CBF000880B485B05C
:103EC00000AFF860B9607A60BA68124B13449B0087
:103ED000FA6811498A4201D1002200E020221344ED
:103EE0001B6823F0FF02B9680A4B0B449B00F9687A
:103EF0000948814201D1002100E020210B441946EC
:103F00007B6813430B6000BF1437BD465DF8047B2C
:103F1000704700BF008200100000024080B485B0EE
:103F200000AF786039607B68FB600C4A3B681344E3
:103F30001B781A46FB6813445B6908493A680A44CF
:103F400012781146FA680A4423F00403536100BF53
:103F50001437BD465DF8047B704700BF2CBF0008D6
:103F600080B400AF054B1B68044A43F48023136000
:103F700000BFBD465DF8047B704700BF0044025897
:103F800080B400AF054B1B68044A43F480331360D0
:103F900000BFBD465DF8047B704700BF0044025877
:103FA00080B400AF074B1B6803F40033B3F5003F48
:103FB00001D1012300E000231846BD465DF8047BD3
:103FC000704700BF0044025880B400AF054B1B6827
:103FD000044A43F48053136000BFBD465DF8047B80
:103FE000704700BF0044025880B400AF074B1B6805
:103FF00003F40053B3F5005F01D1012300E0002377
:104000001846BD465DF8047B704700BF0044025867
:1040100080B483B000AF7860064B1B6923F00702C1
:1040200004497B6813430B6100BF0C37BD465DF844
:10403000047B70470044025880B400AF044B1B69F6
:1040400003F038031846BD465DF8047B704700BF97
:104050000044025880B483B000AF7860064B9B697F
:1040600023F4706204497B6813438B6100BF0C37F3
:10407000BD465DF8047B70470044025880B483B0AD
:1040800000AF7860064B9B6923F00F0204497B6800
:1040900013438B6100BF0C37BD465DF8047B70474E
:1040A0000044025880B483B000AF7860064BDB69EF
:1040B00023F0700204497B681343CB6100BF0C37C7
:1040C000BD465DF8047B70470044025880B483B05D
:1040D00000AF7860064BDB6923F4E06204497B683B
:1040E0001343CB6100BF0C37BD465DF8047B7047BE
:1040F0000044025880B483B000AF7860064B9B69DF
:1041000023F0700204497B6813438B6100BF0C37B6
:10411000BD465DF8047B70470044025880B483B00C
:1041200000AF7860064B1B6A23F0700204497B687D
:1041300013430B6200BF0C37BD465DF8047B70472C
:104140000044025880B485B000AF78607B68DAB272
:10415000104B1344FB60FB681A687B68190E7B6880
:104160001B0A03F01F0301FA03F3DB431A407B68C9
:104170001B0CD9B27B681B0A03F01F0301FA03F37F
:104180001A43FB681A6000BF1437BD465DF8047B14
:10419000704700BF4C44025880B582B000AF7860D1
:1041A0007868FFF7CFFF00BF0837BD4680BD00002D
:1041B00080B483B000AF7860064B9B6A23F00302A3
:1041C00004497B6813438B6200BF0C37BD465DF822
:1041D000047B70470044025880B400AF054B1B6855
:1041E000044A43F08073136000BFBD465DF8047B52
:1041F000704700BF0044025880B400AF074B1B68F3
:1042000003F00073B3F1007F01D1012300E000232C
:104210001846BD465DF8047B704700BF0044025855
:1042200080B400AF054BDB6A044A43F48033D362A9
:1042300000BFBD465DF8047B704700BF00440258D4
:1042400080B400AF054BDB6A044A43F48023D36299
:1042500000BFBD465DF8047B704700BF00440258B4
:1042600080B483B000AF7860074BDB6A23F00202B2
:104270007B685B0004491343CB6200BF0C37BD462B
:104280005DF8047B704700BF0044025880B483B0DF
:1042900000AF7860074BDB6A23F00C027B689B0061
:1042A00004491343CB6200BF0C37BD465DF8047B65
:1042B000704700BF0044025880B483B000AF7860FC
:1042C000074B1A6B074B13407A68013A04491343B2
:1042D0000B6300BF0C37BD465DF8047B704700BF21
:1042E0000044025800FEFFFF80B483B000AF786046
:1042F000074B9B6A23F47C727B681B0104491343C0
:104300008B6200BF0C37BD465DF8047B704700BF71
:104310000044025880B483B000AF7860074B1B6B39
:1043200023F47E427B68013B5B02044913430B6329
:1043300000BF0C37BD465DF8047B7047004402584F
:1043400080B483B000AF7860074B1B6B23F4FE0290
:104350007B68013B1B04044913430B6300BF0C370C
:10436000BD465DF8047B70470044025880B483B0BA
:1043700000AF7860074B1B6B23F0FE427B68013B6C
:104380001B06044913430B6300BF0C37BD465DF8A1
:10439000047B70470044025880B485B000AF786059
:1043A0000A4BD3F8D82009497B681343C1F8D830A9
:1043B000064BD3F8D8207B681340FB60FB6800BF36
:1043C0001437BD465DF8047B704700BF00440258B7
:1043D00080B485B000AF78600A4BD3F8E02009497B
:1043E0007B681343C1F8E030064BD3F8E0207B68CC
:1043F0001340FB60FB6800BF1437BD465DF8047BCB
:10440000704700BF0044025880B485B000AF7860A8
:104410000A4BD3F8E82009497B681343C1F8E83018
:10442000064BD3F8E8207B681340FB60FB6800BFB5
:104430001437BD465DF8047B704700BF0044025846
:1044400080B487B000AF78603960184A3B6803F0E9
:104450000303023352F823203B681B0CDB4302EAC0
:1044600003013B681B0C3B613B6993FAA3F3FB60C0
:10447000FB687B617B69002B01D1202303E07B6912
:10448000B3FA83F3DBB203F01F037A689A4007485C
:104490003B6803F003030A43023340F8232000BFC4
:1044A0001C37BD465DF8047B704700BF0004005810
:1044B00080B483B000AF7860064B1B6823F00F0216
:1044C00004497B6813430B6000BF0C37BD465DF8A1
:1044D000047B70470020005280B400AF044B1B687F
:1044E00003F00F031846BD465DF8047B704700BF1C
:1044F0000020005280B483B000AF7860064BDB68C8
:1045000023F0070204497B681343CB6000BF0C37DC
:10451000BD465DF8047B70470048025880B483B004
:1045200000AF7860064B9B6923F4404204497B68E6
:1045300013438B6100BF0C37BD465DF8047B7047A9
:104540000048025880B400AF074B9B6903F4005346
:10455000B3F5005F01D1012300E000231846BD46FA
:104560005DF8047B704700BF0048025880B483B0F8
:1045700000AF78607B681B6843F001027B681A60BB
:1045800000BF0C37BD465DF8047B704780B483B034
:1045900000AF78607B681B6823F000527B681A606C
:1045A00000BF0C37BD465DF8047B704780B489B00E
:1045B00000AF786039607B680833FB60FB6853E8C4
:1045C000003FBB60BB6823F060423B685B0713435E
:1045D000FB617B680833FA69BA617B617969BA6902
:1045E00041E800233B613B69002BE4D100BF00BFE1
:1045F0002437BD465DF8047B704780B489B000AFB6
:10460000786039607B680833FB60FB6853E8003FE3
:10461000BB60BB6823F060623B685B061343FB61D1
:104620007B680833FA69BA617B617969BA6941E8E4
:1046300000233B613B69002BE4D100BF00BF24375E
:10464000BD465DF8047B704780B483B000AF7860EE
:104650007B685B6823F490427B685A607B689B6848
:1046600023F02A027B689A6000BF0C37BD465DF8D4
:10467000047B704780B483B000AF78607B68DB69EF
:1046800003F40013B3F5001F01D1012300E0002360
:1046900018460C37BD465DF8047B704780B483B084
:1046A00000AF78607B68DB6903F48003B3F5800FAB
:1046B00001D1012300E0002318460C37BD465DF808
:1046C000047B704780B485B000AFF860B9607A6051
:1046D000FB681968BB6803FB03F213465B001344D5
:1046E000DB4301EA0302BB6803FB03F3796801FBC8
:1046F00003F31A43FB681A6000BF1437BD465DF828
:10470000047B704780B485B000AFF860B9607A6010
:10471000FB68D968BB6803FB03F213465B001344D4
:10472000DB4301EA0302BB6803FB03F3796801FB87
:1047300003F31A43FB68DA6000BF1437BD465DF827
:10474000047B704780B483B000AF786039603B6809
:104750001A047B689A6100BF0C37BD465DF8047B84
:104760007047000080B500AF0320FFF7A1FE00BF37
:10477000FFF7B2FE0346032BFAD10220FFF7BAFE81
:104780000020FFF7CBFE00BFFFF7DCFE0346002B47
:10479000FAD0FFF7E5FBFFF7F3FB00BFFFF700FCE4
:1047A0000346012BFAD1FFF70FFC00BFFFF71CFCFB
:1047B0000346012BFAD10220FFF7FAFCFFF730FD88
:1047C000FFF73EFD0120FFF761FD0020FFF748FDE8
:1047D0000420FFF789FD40F21310FFF76DFD012063
:1047E000FFF798FD0420FFF7ABFD0220FFF7BEFDA9
:1047F000FFF7F2FC00BFFFF7FFFC0346012BFAD1E5
:104800000820FFF73BFC0320FFF702FC00BFFFF787
:1048100013FC0346182BFAD10020FFF71BFC0820DD
:10482000FFF72CFC4020FFF73DFC4FF48060FFF7C2
:104830004DFC4020FFF75EFC4020FFF76FFC064870
:1048400001F0A0FD002000F039FA0346002B01D052
:1048500000F0DAF900BF80BD8055C82080B58EB069
:1048600000AF07F1180320220021184607F054FA80
:104870003B4600221A605A609A60DA601A615A61F7
:104880004148FFF789FC4FF48020FFF7BDFD082069
:10489000FFF79EFD4FF440733B6002237B600023D3
:1048A000BB600023FB6000233B6107237B613B4629
:1048B0001946364800F055FE2D2200213448FFF7F6
:1048C000FDFA002200213248FFF7EEF90022002114
:1048D0002F48FFF7CDFA002200212D48FFF70AFAF2
:1048E000002200212A48FFF72BFA4FF480620021B2
:1048F0002748FFF74BFA002200212548FFF76CFA02
:10490000002200212248FFF78DFA00212048FFF7FE
:1049100005FB0023BB614FF4E133FB6100233B62E5
:1049200000237B620023BB620C23FB6200233B63FA
:1049300000237B6307F118031946164802F0F6FBC3
:1049400000211448FFF732FE00211248FFF755FE00
:104950001048FFF71BFE0F48FFF776FE0D48FFF7E4
:1049600005FE00BF0B48FFF785FE0346002BF9D07C
:104970000848FFF793FE0346002BF3D000BF00BFAB
:104980003837BD4680BD00BF08000007000C025844
:10499000000002400048004080B400AF00BFBD46A8
:1049A0005DF8047B704780B500AF0120FFF7F4FC91
:1049B000FFF7F0F80346002200211846FFF740F900
:1049C000034619460B20FFF711F90B20FFF7F0F80B
:1049D00000BF80BD80B58AB000AF07F11803002288
:1049E0001A605A609A60DA603B4600221A605A6088
:1049F0009A60DA601A615A610420FFF7E9FC8020AE
:104A0000FFF7E6FC0120FFF7E3FC0220FFF7E0FCE4
:104A10000820FFF7DDFC4020FFF7DAFC1020FFF74D
:104A2000D7FC44F201016848FFF78CFE4FF4806127
:104A30006648FFF787FE02216548FFF783FE4FF4C3
:104A400000533B6000237B6000233B613B461946DB
:104A5000604800F086FD32233B6002237B60002328
:104A6000BB600023FB6000233B610B237B613B4663
:104A70001946584800F075FD86233B6002237B6091
:104A80000023BB600023FB6000233B610B237B61A1
:104A90003B461946504800F064FD44F201033B6078
:104AA00001237B600023BB600023FB6000233B618C
:104AB0003B461946444800F054FD4FF400533B6018
:104AC00002237B600023BB600023FB6000233B616B
:104AD0000B237B613B4619463B4800F042FD4FF4F7
:104AE00080633B6001237B600023BB600023FB608D
:104AF00000233B613B461946344800F032FD4FF439
:104B000000733B6000237B6000233B613B461946FA
:104B1000314800F026FD4FF480633B6002237B6048
:104B20000023BB600023FB6000233B610A237B6101
:104B30003B461946284800F014FD4FF420533B60D3
:104B400002237B600023BB600023FB6000233B61EA
:104B50000B237B613B461946204800F002FD0223EF
:104B60003B6001237B600023BB600023FB600023CC
:104B70003B613B461946164800F0F3FC18490620F5
:104B8000FFF75EFC8023BB610023FB6100233B62D7
:104B9000012387F82430012387F82530012387F883
:104BA000263007F11803184600F0C8FA00228021C9
:104BB0000A48FFF7A7FD002280210848FFF782FD81
:104BC00000BF2837BD4680BD00040258000C0258C3
:104BD000001002580008025800000258001802583D
:104BE000010000F080B582B000AF78607B681B6880
:104BF000044A934201D101F0F3FE00BF0837BD46DD
:104C000080BD00BF000C004080B400AF72B600BF92
:104C100000BFFDE780B400AF00BFFDE780B400AF88
:104C200000BFFDE780B400AF00BFFDE780B400AF78
:104C300000BFFDE780B400AF00BFFDE780B400AF68
:104C400000BFBD465DF8047B704780B400AF00BF75
:104C5000BD465DF8047B704780B400AF00BFBD4621
:104C60005DF8047B704780B400AF00BFBD465DF8BF
:104C7000047B704780B500AF024801F0B9FF00BF68
:104C800080BD00BF9C05002480B483B000AF0A4BF8
:104C9000D3F8F430084A43F00203C2F8F430064B6C
:104CA000D3F8F43003F002037B607B6800BF0C375D
:104CB000BD465DF8047B70470044025880B590B053
:104CC00000AF78607B680F2B27D8002279683220EC
:104CD00001F022FE322001F039FE294A7B68136080
:104CE000284BD3F8E830274A43F00803C2F8E830ED
:104CF000244BD3F8E83003F00803FB60FB6807F1AE
:104D0000100207F114031146184601F00BFDBB6AAF
:104D1000BB63BB6B002B06D101E001232BE001F04C
:104D2000EBFCF86304E001F0E7FC03465B00FB6387
:104D3000FB6B154AA2FB03239B0C013B7B63134BCC
:104D4000134A1A60114B40F2E732DA600F4A7B6B6C
:104D500053600E4B00221A610C4B00229A600B48E4
:104D600001F05EFE0346002B04D1084801F0BAFEB4
:104D7000034600E0012318464037BD4680BD00BF12
:104D8000500000240044025883DE1B439C0500248D
:104D9000000C004080B483B000AF78604FF0B043A7
:104DA000D3F880204FF0B0417B681343C1F88030C6
:104DB00000BF0C37BD465DF8047B704780B483B0FC
:104DC00000AF78604FF0B043D3F890204FF0B0417F
:104DD0007B681343C1F8903000BF0C37BD465DF8C7
:104DE000047B704780B483B000AF78604FF0B0436D
:104DF000D3F8A0204FF0B0417B681343C1F8A03036
:104E000000BF0C37BD465DF8047B704780B483B0AB
:104E100000AF78604FF0B043D3F880207B68DB436D
:104E20004FF0B0411340C1F8803000BF0C37BD4691
:104E30005DF8047B704780B483B000AF78604FF0BA
:104E4000B043D3F890207B68DB434FF0B041134070
:104E5000C1F8903000BF0C37BD465DF8047B704749
:104E600080B483B000AF78604FF0B043D3F8A02097
:104E70007B68DB434FF0B0411340C1F8A03000BF66
:104E80000C37BD465DF8047B704780B483B000AF3B
:104E900078604FF0B043D3F884204FF0B0417B6886
:104EA0001343C1F8843000BF0C37BD465DF8047B66
:104EB000704780B483B000AF78604FF0B043D3F850
:104EC00094204FF0B0417B681343C1F8943000BF89
:104ED0000C37BD465DF8047B704780B483B000AFEB
:104EE00078604FF0B043D3F8A4204FF0B0417B6816
:104EF0001343C1F8A43000BF0C37BD465DF8047BF6
:104F0000704780B483B000AF78604FF0B043D3F8FF
:104F100084207B68DB434FF0B0411340C1F88430FC
:104F200000BF0C37BD465DF8047B704780B483B08A
:104F300000AF78604FF0B043D3F894207B68DB4338
:104F40004FF0B0411340C1F8943000BF0C37BD465C
:104F50005DF8047B704780B483B000AF78604FF099
:104F6000B043D3F8A4207B68DB434FF0B04113403B
:104F7000C1F8A43000BF0C37BD465DF8047B704714
:104F800080B483B000AF78604FF0B0431A684FF040
:104F9000B0417B6813430B6000BF0C37BD465DF822
:104FA000047B704780B483B000AF78604FF0B043AB
:104FB0001A6A4FF0B0417B6813430B6200BF0C3795
:104FC000BD465DF8047B704780B483B000AF786065
:104FD0004FF0B0431A6C4FF0B0417B6813430B6441
:104FE00000BF0C37BD465DF8047B704780B483B0CA
:104FF00000AF78604FF0B0431A687B68DB434FF036
:10500000B04113400B6000BF0C37BD465DF8047B18
:10501000704780B483B000AF78604FF0B0431A6A35
:105020007B68DB434FF0B04113400B6200BF0C378D
:10503000BD465DF8047B704780B483B000AF7860F4
:105040004FF0B0431A6C7B68DB434FF0B041134024
:105050000B6400BF0C37BD465DF8047B704780B41D
:1050600083B000AF78604FF0B0435A684FF0B04162
:105070007B6813434B6000BF0C37BD465DF8047B73
:10508000704780B483B000AF78604FF0B0435A6A85
:105090004FF0B0417B6813434B6200BF0C37BD46F5
:1050A0005DF8047B704780B483B000AF78604FF048
:1050B000B0435A6C4FF0B0417B6813434B6400BF60
:1050C0000C37BD465DF8047B704780B483B000AFF9
:1050D00078604FF0B0435A687B68DB434FF0B041D3
:1050E00013404B6000BF0C37BD465DF8047B704732
:1050F00080B483B000AF78604FF0B0435A6A7B68E9
:10510000DB434FF0B04113404B6200BF0C37BD464C
:105110005DF8047B704780B483B000AF78604FF0D7
:10512000B0435A6C7B68DB434FF0B04113404B6493
:1051300000BF0C37BD465DF8047B704780B584B076
:1051400000AF78600023FB737B681B7B002B00F0B3
:105150000B817B681B68002B54D07B685B7B03F062
:105160000103002B05D07B681B681846FFF712FE71
:1051700004E07B681B681846FFF748FE7B685B7B92
:1051800003F00203002B05D07B681B681846FFF76D
:105190007CFE04E07B681B681846FFF7B2FE7B6864
:1051A0009B7B002B2ED07B689B7B032B1CD0032B7F
:1051B00025DC012B02D0022B0BD020E07B681B6882
:1051C0001846FFF782FF7B681B681846FFF7D8FE7A
:1051D00018E07B681B681846FFF708FF7B681B68B0
:1051E0001846FFF73CFF0DE07B681B681846FFF789
:1051F000C7FE7B681B681846FFF731FF02E00123FA
:10520000FB7300BF7B685B68002B54D07B685B7BC3
:1052100003F00103002B05D07B685B681846FFF79D
:10522000CDFD04E07B685B681846FFF704FE7B68F1
:105230005B7B03F00203002B05D07B685B6818469C
:10524000FFF737FE04E07B685B681846FFF76EFEE9
:105250007B689B7B002B2ED07B689B7B032B1CD019
:10526000032B25DC012B02D0022B0BD020E07B6826
:105270005B681846FFF73CFF7B685B681846FFF7E2
:1052800091FE18E07B685B681846FFF7C2FE7B68FA
:105290005B681846FFF7F5FE0DE07B685B68184613
:1052A000FFF780FE7B685B681846FFF7EAFE02E0C6
:1052B0000123FB7300BF7B689B68002B72D07B6867
:1052C0005B7B03F00103002B05D07B689B681846CD
:1052D000FFF788FD04E07B689B681846FFF7C0FD78
:1052E0007B685B7B03F00203002B05D07B689B6827
:1052F0001846FFF7F2FD04E07B689B681846FFF74D
:105300002AFE7B689B7B002B4CD07B689B7B032B0E
:105310001CD0032B25DC012B02D0022B0BD020E06C
:105320007B689B681846FFF7F6FE7B689B6818460B
:10533000FFF74AFE36E07B689B681846FFF77CFE65
:105340007B689B681846FFF7AEFE2BE07B689B6886
:105350001846FFF739FE7B689B681846FFF7A3FEE7
:1053600020E00123FB731DE07B681B681846FFF7F4
:105370004DFD7B685B681846FFF75DFD7B689B68A9
:105380001846FFF76DFD7B681B681846FFF7B9FDEF
:105390007B685B681846FFF7C9FD7B689B68184609
:1053A000FFF7D9FDFB7B18461037BD4680BD80B4A2
:1053B00085B000AFF860B9607A60FB681968BB68B7
:1053C00003FB03F213465B001344DB4301EA0302D1
:1053D000BB6803FB03F3796801FB03F31A43FB6823
:1053E0001A6000BF1437BD465DF8047B704780B477
:1053F00085B000AFF860B9607A60FB685A68BB6836
:10540000DB431A40BB68796801FB03F31A43FB686E
:105410005A6000BF1437BD465DF8047B704780B406
:1054200085B000AFF860B9607A60FB689968BB68C6
:1054300003FB03F213465B001344DB4301EA030260
:10544000BB6803FB03F3796801FB03F31A43FB68B2
:105450009A6000BF1437BD465DF8047B704780B486
:1054600085B000AFF860B9607A60FB68D968BB6846
:1054700003FB03F213465B001344DB4301EA030220
:10548000BB6803FB03F3796801FB03F31A43FB6872
:10549000DA6000BF1437BD465DF8047B704780B406
:1054A00085B000AFF860B9607A60FB68196ABB68C4
:1054B00003FB03F3BA6802FB03F3BA6803FB02F2CF
:1054C00013461B019B1ADB4301EA0302BB6803FB83
:1054D00003F3B96801FB03F3B96801FB03F37968CF
:1054E00001FB03F31A43FB681A6200BF1437BD4681
:1054F0005DF8047B704780B485B000AFF860B96098
:105500007A60FB68596ABB681B0ABA68120A02FB18
:1055100003F3BA68120A02FB03F3BA68120A03FB28
:1055200002F213461B019B1ADB4301EA0302BB682C
:105530001B0AB968090A01FB03F3B968090A01FBF0
:1055400003F3B968090A01FB03F3796801FB03F36C
:105550001A43FB685A6200BF1437BD465DF8047BEE
:10556000704780B588B000AF786039603B681B68D1
:105570003B613B6993FAA3F3FB60FB687B617B694A
:10558000002B01D1202303E07B69B3FA83F3DBB264
:10559000FB6148E03B681A680121FB6901FA03F3EB
:1055A0001340BB61BB69002B3AD03B685B68012BA1
:1055B00003D03B685B68022B0ED13B689B681A46A0
:1055C000B9697868FFF72BFF3B6819683B68DB68AF
:1055D0001A467868FFF70BFF3B681B691A46B969E2
:1055E0007868FFF73CFF3B685B68022B11D1BB6911
:1055F000FF2B07D83B685B691A46B9697868FFF7E3
:105600004EFF06E03B685B691A46B9697868FFF7A8
:1056100072FF3B685B681A46B9697868FFF7C7FE96
:10562000FB690133FB613B681A68FB6922FA03F3EB
:10563000002BAFD1002318462037BD4680BD0000A7
:1056400080B400AF074B1B6803F40033B3F5003F91
:1056500001D1012300E000231846BD465DF8047B1C
:10566000704700BF0044025880B400AF064B1B686F
:1056700003F00403042B01D1012300E000231846AA
:10568000BD465DF8047B70470044025880B400AF0B
:10569000044B1B6803F018031846BD465DF8047BF5
:1056A000704700BF0044025880B400AF074B1B682E
:1056B00003F48073B3F5807F01D1012300E0002360
:1056C0001846BD465DF8047B704700BF0044025891
:1056D00080B400AF064B1B6F03F00203022B01D115
:1056E000012300E000231846BD465DF8047B7047A7
:1056F0000044025880B400AF044B1B6903F0380328
:105700001846BD465DF8047B704700BF0044025850
:1057100080B400AF044B9B6903F470631846BD4628
:105720005DF8047B704700BF0044025880B400AFAE
:10573000044B9B6903F00F031846BD465DF8047BDC
:10574000704700BF0044025880B400AF044BDB69CF
:1057500003F070031846BD465DF8047B704700BF38
:105760000044025880B400AF044BDB6903F4E063EB
:105770001846BD465DF8047B704700BF00440258E0
:1057800080B485B000AF78607B68DAB20E4B13440A
:10579000FB60FB681A687B68190E7B681B0A03F0C4
:1057A0001F0301FA03F31A407B681B0A03F01F036F
:1057B00022FA03F31A047B68134318461437BD46D4
:1057C0005DF8047B704700BF4C44025880B582B03E
:1057D00000AF78607868FFF7D3FF034618460837B4
:1057E000BD4680BD80B400AF044B9B6A03F0030349
:1057F0001846BD465DF8047B704700BF0044025860
:1058000080B400AF074BDB6A03F48033B3F5803F0D
:1058100001D1012300E000231846BD465DF8047B5A
:10582000704700BF0044025880B400AF074BDB6AEA
:1058300003F40033B3F5003F01D1012300E000235E
:105840001846BD465DF8047B704700BF004402580F
:1058500080B400AF074BDB6A03F48023B3F5802FDD
:1058600001D1012300E000231846BD465DF8047B0A
:10587000704700BF0044025880B400AF064BDB6A9B
:1058800003F00103012B01D1012300E0002318469E
:10589000BD465DF8047B70470044025880B400AFF9
:1058A000044B1B6BC3F3080301331846BD465DF878
:1058B000047B70470044025880B400AF044B9B6ADD
:1058C0001B0903F03F031846BD465DF8047B704793
:1058D0000044025880B400AF054B1B6B5B0A03F019
:1058E0007F0301331846BD465DF8047B704700BF57
:1058F0000044025880B400AF054B1B6B1B0C03F037
:105900007F0301331846BD465DF8047B704700BF36
:105910000044025880B400AF054B1B6B1B0E03F014
:105920007F0301331846BD465DF8047B704700BF16
:105930000044025880B400AF044B5B6BDB08C3F338
:105940000C031846BD465DF8047B704700440258BE
:1059500080B400AF074B1B6803F00063B3F1006F26
:1059600001D1012300E000231846BD465DF8047B09
:10597000704700BF0044025880B400AF074BDB6A99
:1059800003F40023B3F5002F01D1012300E000232D
:105990001846BD465DF8047B704700BF00440258BE
:1059A00080B400AF074BDB6A03F48013B3F5801FAC
:1059B00001D1012300E000231846BD465DF8047BB9
:1059C000704700BF0044025880B400AF074BDB6A49
:1059D00003F40013B3F5001F01D1012300E00023FD
:1059E0001846BD465DF8047B704700BF004402586E
:1059F00080B400AF064BDB6A03F01003102B01D11B
:105A0000012300E000231846BD465DF8047B704783
:105A10000044025880B400AF044B9B6BC3F30803EF
:105A200001331846BD465DF8047B704700440258B8
:105A300080B400AF044B9B6A1B0B03F03F03184676
:105A4000BD465DF8047B70470044025880B400AF47
:105A5000054B9B6B5B0A03F07F0301331846BD4681
:105A60005DF8047B704700BF0044025880B400AF6B
:105A7000054B9B6B1B0C03F07F0301331846BD469F
:105A80005DF8047B704700BF0044025880B400AF4B
:105A9000054B9B6B1B0E03F07F0301331846BD467D
:105AA0005DF8047B704700BF0044025880B400AF2B
:105AB000044BDB6BDB08C3F30C031846BD465DF8F3
:105AC000047B70470044025880B400AF074B1B684A
:105AD00003F00053B3F1005F01D1012300E0002384
:105AE0001846BD465DF8047B704700BF004402586D
:105AF00080B400AF074BDB6A03F48003B3F5800F7B
:105B000001D1012300E000231846BD465DF8047B67
:105B1000704700BF0044025880B400AF074BDB6AF7
:105B200003F40003B3F5000F01D1012300E00023CB
:105B30001846BD465DF8047B704700BF004402581C
:105B400080B400AF074BDB6A03F08073B3F1807F52
:105B500001D1012300E000231846BD465DF8047B17
:105B6000704700BF0044025880B400AF074BDB6AA7
:105B700003F48073B3F5807F01D1012300E000239B
:105B80001846BD465DF8047B704700BF00440258CC
:105B900080B400AF044B1B6CC3F3080301331846F9
:105BA000BD465DF8047B70470044025880B400AFE6
:105BB000044B9B6A1B0D03F03F031846BD465DF87E
:105BC000047B70470044025880B400AF054B1B6C47
:105BD0005B0A03F07F0301331846BD465DF8047B82
:105BE000704700BF0044025880B400AF054B1B6CE7
:105BF0001B0C03F07F0301331846BD465DF8047BA0
:105C0000704700BF0044025880B400AF054B1B6CC6
:105C10001B0E03F07F0301331846BD465DF8047B7D
:105C2000704700BF0044025880B400AF044B5B6C67
:105C3000DB08C3F30C031846BD465DF8047B7047D0
:105C40000044025880B58AB002AF78600023FB613F
:105C50000023BB61FFF7C6FD78617B69022B1FD073
:105C60007B69022B24D87B69002B03D07B69012B35
:105C70000ED01DE0FFF7F8FC0346002B1AD0FFF70B
:105C800005FD0346DB08384A22FA03F3FB6111E005
:105C9000FFF70AFD0346002B0ED0344BFB610BE0EF
:105CA000FFF7CEFC0346002B08D0314BFB6105E02B
:105CB00000BF04E000BF02E000BF00E000BF7B685F
:105CC00000221A607B6800225A607B6800229A607A
:105CD000FFF7F2FD3861FFF7E1FDF860FFF7CCFD5B
:105CE0000346002B02D0FFF725FEB8613B69002B6D
:105CF00035D0FFF785FD0346002B0CD0FFF7EAFDFA
:105D000003460093BB69FA683969F86900F064F9E1
:105D100002467B681A60FFF787FD0346002B0CD014
:105D2000FFF7E8FD03460093BB69FA683969F86933
:105D300000F052F902467B685A60FFF789FD03467E
:105D4000002B0CD0FFF7E6FD03460093BB69FA6811
:105D50003969F86900F040F902467B689A6000BF33
:105D60002037BD4680BD00BF0090D00300093D0034
:105D700000127A0080B58AB002AF78600023FB6120
:105D80000023BB61FFF72EFD78617B69022B1FD0DA
:105D90007B69022B24D87B69002B03D07B69012B04
:105DA0000ED01DE0FFF760FC0346002B1AD0FFF772
:105DB0006DFC0346DB08384A22FA03F3FB6111E06D
:105DC000FFF772FC0346002B0ED0344BFB610BE057
:105DD000FFF736FC0346002B08D0314BFB6105E092
:105DE00000BF04E000BF02E000BF00E000BF7B682E
:105DF00000221A607B6800225A607B6800229A6049
:105E0000FFF716FE3861FFF705FEF860FFF7F0FDBB
:105E10000346002B02D0FFF749FEB8613B69002B17
:105E200035D0FFF7A9FD0346002B0CD0FFF70EFE7F
:105E300003460093BB69FA683969F86900F0CCF849
:105E400002467B681A60FFF7ABFD0346002B0CD0BF
:105E5000FFF70CFE03460093BB69FA683969F869DD
:105E600000F0BAF802467B685A60FFF7ADFD0346C2
:105E7000002B0CD0FFF70AFE03460093BB69FA68BB
:105E80003969F86900F0A8F802467B689A6000BF9B
:105E90002037BD4680BD00BF0090D00300093D0003
:105EA00000127A0080B58AB002AF78600023FB61EF
:105EB0000023BB61FFF796FC78617B69022B1FD042
:105EC0007B69022B24D87B69002B03D07B69012BD3
:105ED0000ED01DE0FFF7C8FB0346002B1AD0FFF7DA
:105EE000D5FB0346DB08394A22FA03F3FB6111E0D4
:105EF000FFF7DAFB0346002B0ED0354BFB610BE0BE
:105F0000FFF79EFB0346002B08D0324BFB6105E0F8
:105F100000BF04E000BF02E000BF00E000BF7B68FC
:105F200000221A607B6800225A607B6800229A6017
:105F3000FFF73CFE3861FFF72BFEF860FFF714FE19
:105F40000346002B02D0FFF76FFEB8613B69002BC0
:105F500038D0FB69002B35D0FFF7CAFD0346002B74
:105F60000CD0FFF731FE03460093BB69FA6839692C
:105F7000F86900F031F802467B681A60FFF7CCFD43
:105F80000346002B0CD0FFF72FFE03460093BB699E
:105F9000FA683969F86900F01FF802467B685A60B0
:105FA000FFF7CEFD0346002B0CD0FFF72DFE034676
:105FB0000093BB69FA683969F86900F00DF8024688
:105FC0007B689A6000BF2037BD4680BD0090D0033B
:105FD00000093D0000127A0080B487B000AFF8607D
:105FE000B9607A603B60FB6807EE903AF8EE676A4A
:105FF000BB6807EE903AF8EE677A86EEA77A7B6880
:1060000007EE903AF8EE676A3B6807EE903AB8EE12
:10601000676ADFED105AC6EE257A76EEA77A67EE4C
:10602000277AC7ED057A3B6A07EE903AB8EE677AB1
:10603000D7ED056AC6EE877AC7ED057AD7ED057A02
:10604000FCEEE77A17EE903A18461C37BD465DF82D
:10605000047B70470000004690B587B000AF7860C1
:1060600000237B617868FFF7B1FB0346624A9342E5
:1060700000F0A980604A934200F2AE805F4A9342EA
:1060800000F0A1805D4A934200F2A6805C4A9342F0
:1060900000F091805A4A934200F29E80594A9342FE
:1060A00000F08980574A934200F29680564A934204
:1060B00073D0554A934200F28F80544A93426CD079
:1060C000524A934200F28880514A934258D0504A33
:1060D000934200F281804F4A934251D04D4A9342FD
:1060E0007AD84D4A93423ED04B4A934274D84B4A99
:1060F000934238D0494A93426ED8494A93421AD0C3
:10610000484A934268D100F095F80446FFF700FB37
:1061100003461B0A03F00F03434AD35C03F01F033B
:1061200024FA03F3184600F0E7F80346184600F097
:1061300011F978615BE000F07DF80446FFF7E8FABA
:1061400003461B0A03F00F03374AD35C03F01F0317
:1061500024FA03F3184600F0CFF80346184600F07F
:10616000E1F8786143E0FFF7F3FB0346002B35D0FD
:1061700007F108031846FFF7FDFDFB687B612DE082
:10618000FFF7A2FC0346002B2AD007F108031846AC
:10619000FFF788FEFB687B6122E0FFF765FA0346A4
:1061A000002B1FD0FFF772FA0346DB081F4A22FAC2
:1061B00003F37B6116E0FFF777FA0346002B13D059
:1061C0001B4B7B6110E0FFF783FA0346002B0DD0D9
:1061D0004FF400437B6109E000BF08E000BF06E028
:1061E00000BF04E000BF02E000BF00E000BF7B6929
:1061F00018461C37BD4690BD080305070800050773
:10620000080304070800040708030307080003073E
:106210000803020708000207080301070800010736
:10622000080000070803000734BF00080090D003EF
:1062300000093D0080B584B000AF0023FB60FFF78C
:1062400059FA0346182B4BD801A252F823F000BF8D
:10625000B5620008E1620008E1620008E16200083E
:10626000E1620008E1620008E1620008E162000802
:10627000C7620008E1620008E1620008E16200080C
:10628000E1620008E1620008E1620008E1620008E2
:10629000CD620008E1620008E1620008E1620008E6
:1062A000E1620008E1620008E1620008E1620008C2
:1062B000D3620008FFF7EAF90346DB080B4A22FA2B
:1062C00003F3FB600DE00A4BFB600AE0094BFB6047
:1062D00007E03B461846FFF7B5FC3B68FB6000E073
:1062E00000BFFB6818461037BD4680BD0090D00344
:1062F00000093D0000127A0080B582B000AF7860DE
:10630000FFF714FA034603F00F03054AD35C03F0CA
:106310001F037A6822FA03F318460837BD4680BD8A
:1063200034BF000880B582B000AF7860FFF70CFA88
:1063300003461B0903F00703054AD35C03F01F0360
:106340007A6822FA03F318460837BD4680BD00BFBD
:1063500034BF000880B582B000AF7860FFF702FA62
:1063600003461B0A03F00703054AD35C03F01F032F
:106370007A6822FA03F318460837BD4680BD00BF8D
:1063800034BF000880B483B000AF7860044A7B68F3
:10639000136000BF0C37BD465DF8047B704700BF3B
:1063A0005800002480B489B000AFB34B1B6903F0E0
:1063B0003803182B00F2558101A252F823F000BFD8
:1063C00025640008636600086366000863660008C9
:1063D0006366000863660008636600086366000879
:1063E0004B64000863660008636600086366000883
:1063F0006366000863660008636600086366000859
:10640000516400086366000863660008636600085C
:106410006366000863660008636600086366000838
:1064200057640008944B1B6803F02003002B09D02D
:10643000914B1B68DB0803F00303904A22FA03F335
:10644000BB6111E18D4BBB610EE18D4BBB610BE17B
:106450008C4BBB6108E1884B9B6A03F003037B61B3
:10646000854B9B6A1B0903F03F033B61824BDB6A50
:1064700003F00103FB60804B5B6BDB08C3F30C0391
:10648000FA6802FB03F307EE903AF8EE677AC7ED7D
:10649000027A3B69002B00F0E1807B69022B00F05F
:1064A00083807B69022B00F2A1807B69002B03D0E3
:1064B0007B69012B56D099E06F4B1B6803F02003DA
:1064C000002B2DD06C4B1B68DB0803F003036B4AD9
:1064D00022FA03F37B607B6807EE903AF8EE676A76
:1064E0003B6907EE903AF8EE677A86EEA77A624B40
:1064F0001B6BC3F3080307EE903AF8EE676A97ED5B
:10650000026ADFED615AC6EE257A76EEA77AF7EEDB
:10651000006A77EEA67A67EE277AC7ED077A87E0FA
:106520003B6907EE903AF8EE677ADFED586A86EE3F
:10653000A77A514B1B6BC3F3080307EE903AF8EEB2
:10654000676A97ED026ADFED505AC6EE257A76EE5D
:10655000A77AF7EE006A77EEA67A67EE277AC7ED9C
:10656000077A65E03B6907EE903AF8EE677ADFED6F
:10657000486A86EEA77A404B1B6BC3F3080307EE0D
:10658000903AF8EE676A97ED026ADFED3F5AC6EE81
:10659000257A76EEA77AF7EE006A77EEA67A67EEAE
:1065A000277AC7ED077A43E03B6907EE903AF8EEA9
:1065B000677ADFED386A86EEA77A2F4B1B6BC3F341
:1065C000080307EE903AF8EE676A97ED026ADFED8E
:1065D0002E5AC6EE257A76EEA77AF7EE006A77EEA7
:1065E000A67A67EE277AC7ED077A21E03B6907EEC6
:1065F000903AF8EE677ADFED266A86EEA77A1E4BB0
:106600001B6BC3F3080307EE903AF8EE676A97ED49
:10661000026ADFED1D5AC6EE257A76EEA77AF7EE0E
:10662000006A77EEA67A67EE277AC7ED077A00BF91
:10663000114B1B6B5B0A03F07F0301333B603B682C
:1066400007EE903AB8EE677AD7ED076AC6EE877A1A
:10665000FCEEE77A17EE903ABB6105E00023BB61E0
:1066600002E0074BBB6100BFBB6918462437BD463B
:106670005DF8047B704700BF004402580090D003CF
:1066800000093D0000127A00000000460024744C0E
:106690000024744A0024F44A80B582B000AFFFF7AA
:1066A00081FE0246104B9B691B0A03F00F030F4942
:1066B000CB5C03F01F0322FA03F37B600A4B9B6958
:1066C00003F00F03094AD35C03F01F037A6822FA30
:1066D00003F3074A1360074A7B681360044B1B6887
:1066E00018460837BD4680BD0044025874BF0008F4
:1066F0005C0000245800002480B500AFFFF7CCFFF9
:106700000246064BDB691B0903F007030449CB5C17
:1067100003F01F0322FA03F3184680BD0044025819
:1067200074BF000880B483B000AF786039607B68C4
:106730003F221A601A4B1B6903F007027B685A60FC
:10674000174B9B6903F470627B689A60144B9B69DA
:1067500003F00F027B68DA60114B9B6903F0700253
:106760007B681A610E4BDB6903F070027B685A612B
:106770000B4BDB6903F4E0627B689A61084B1B6A90
:1067800003F070027B68DA61064B1B6803F00F02AE
:106790003B681A6000BF0C37BD465DF8047B70474C
:1067A000004402580020005280B485B000AF7860E9
:1067B0007B6803F00703FB600B4BDB68BB60BA68C8
:1067C0004FF6FF031340BB60FB681A02BB681A4315
:1067D000064B1343BB60044ABB68D36000BF143749
:1067E000BD465DF8047B704700ED00E00000FA054F
:1067F00080B400AF044BDB681B0A03F007031846A4
:10680000BD465DF8047B704700ED00E080B483B0C6
:1068100000AF0346FB80B7F90630002B0BDBFB888B
:1068200003F01F020749B7F906305B09012000FA9F
:1068300002F241F8232000BF0C37BD465DF8047B0F
:10684000704700BF00E100E080B483B000AF0346B2
:106850003960FB80B7F90630002B0ADB3B68DAB2FF
:106860000C49B7F906301201D2B20B4483F8002369
:106870000AE03B68DAB20849FB8803F00F03043BE7
:106880001201D2B20B441A7600BF0C37BD465DF838
:10689000047B704700E100E000ED00E080B489B0C7
:1068A00000AFF860B9607A60FB6803F00703FB6132
:1068B000FB69C3F10703042B28BF0423BB61FB69F9
:1068C0000433062B02D9FB69033B00E000237B6104
:1068D0004FF0FF32BB6902FA03F3DA43BB681A4098
:1068E0007B699A404FF0FF317B6901FA03F3D9438A
:1068F0007B680B40134318462437BD465DF8047B84
:10690000704780B582B000AF78607868FFF74CFFC1
:1069100000BF0837BD4680BD80B586B000AF0346D6
:10692000B9607A60FB81FFF763FF78617A68B968C4
:106930007869FFF7B3FF0246B7F90E3011461846E3
:10694000FFF782FF00BF1837BD4680BD80B582B01B
:1069500000AF0346FB80B7F906301846FFF756FF35
:1069600000BF0837BD4680BD80B582B000AF0320B0
:10697000FFF7C7FFFFF716FD0246154B9B691B0A81
:1069800003F00F031349CB5C03F01F0322FA03F358
:106990007B600F4B9B6903F00F030E4AD35C03F03F
:1069A0001F037A6822FA03F30B4A13600B4A7B68D1
:1069B00013600020FEF782F90346002B01D001236B
:1069C00002E0FEF761F9002318460837BD4680BD96
:1069D0000044025874BF00085C00002458000024E2
:1069E00080B400AF064B1B781A46064B1B68134455
:1069F000044A136000BFBD465DF8047B704700BFCA
:106A000054000024E805002480B400AF034B1B6849
:106A10001846BD465DF8047B704700BFE8050024BA
:106A200080B582B000AF78607B68002B01D1012374
:106A300049E07B6893F83D30DBB2002B06D17B68E0
:106A4000002283F83C20786800F041F87B6802223D
:106A500083F83D207B681A687B680433194610462A
:106A600000F0F6F97B68012283F848207B68012258
:106A700083F83E207B68012283F83F207B68012257
:106A800083F840207B68012283F841207B68012243
:106A900083F842207B68012283F843207B6801222F
:106AA00083F844207B68012283F845207B6801221B
:106AB00083F846207B68012283F847207B68012207
:106AC00083F83D20002318460837BD4680BD80B4BA
:106AD00083B000AF786000BF0C37BD465DF8047B23
:106AE0007047000080B485B000AF78607B6893F891
:106AF0003D30DBB2012B01D001235EE07B68022236
:106B000083F83D207B681B68DA687B681B6842F06D
:106B10000102DA607B681B682B4A93422CD07B68A9
:106B20001B68B3F1804F27D07B681B68274A9342CC
:106B300022D07B681B68264A93421DD07B681B6865
:106B4000244A934218D07B681B68234A934213D08F
:106B50007B681B68214A93420ED07B681B68204AE1
:106B6000934209D07B681B681E4A934204D07B681D
:106B70001B681D4A934215D17B681B689A681B4BA2
:106B80001340FB60FB68062B15D0FB68B3F5803F14
:106B900011D07B681B681A687B681B6842F0010291
:106BA0001A6008E07B681B681A687B681B6842F003
:106BB00001021A6000E000BF002318461437BD46EA
:106BC0005DF8047B704700BF0000014000040040F6
:106BD00000080040000C0040000401400018004084
:106BE0000040014000E0004000E4004007000100D8
:106BF00080B584B000AF78607B681B68DB68FB60A1
:106C00007B681B681B69BB60BB6803F00203002B39
:106C100020D0FB6803F00203002B1BD07B681B68AD
:106C20006FF002021A617B6801221A777B681B6889
:106C30009B6903F00303002B03D0786800F0E9F8A8
:106C400005E0786800F0DBF8786800F0ECF87B6825
:106C500000221A77BB6803F00403002B20D0FB68E6
:106C600003F00403002B1BD07B681B686FF0040249
:106C70001A617B6802221A777B681B689B6903F4A0
:106C80004073002B03D0786800F0C3F805E0786803
:106C900000F0B5F8786800F0C6F87B6800221A7733
:106CA000BB6803F00803002B20D0FB6803F0080347
:106CB000002B1BD07B681B686FF008021A617B6891
:106CC00004221A777B681B68DB6903F00303002B3F
:106CD00003D0786800F09DF805E0786800F08FF840
:106CE000786800F0A0F87B6800221A77BB6803F090
:106CF0001003002B20D0FB6803F01003002B1BD0E7
:106D00007B681B686FF010021A617B6808221A7793
:106D10007B681B68DB6903F44073002B03D0786841
:106D200000F077F805E0786800F069F8786800F01E
:106D30007AF87B6800221A77BB6803F00103002B06
:106D40000CD0FB6803F00103002B07D07B681B68A5
:106D50006FF001021A617868FDF744FFBB6803F029
:106D60008003002B04D1BB6803F40053002B0CD02C
:106D7000FB6803F08003002B07D07B681B686FF46F
:106D800002521A61786800F01FF9BB6803F480733F
:106D9000002B0CD0FB6803F08003002B07D07B682E
:106DA0001B686FF480721A61786800F017F9BB688D
:106DB00003F04003002B0CD0FB6803F04003002BD2
:106DC00007D07B681B686FF040021A61786800F09A
:106DD00034F8BB6803F02003002B0CD0FB6803F0F1
:106DE0002003002B07D07B681B686FF020021A611C
:106DF000786800F0DFF800BF1037BD4680BD80B472
:106E000083B000AF786000BF0C37BD465DF8047BEF
:106E1000704780B483B000AF786000BF0C37BD46C8
:106E20005DF8047B704780B483B000AF786000BF2A
:106E30000C37BD465DF8047B704780B483B000AF6B
:106E4000786000BF0C37BD465DF8047B70470000DA
:106E500080B485B000AF786039607B681B68FB60E8
:106E60007B684A4A934213D07B68B3F1804F0FD0BE
:106E70007B68474A93420BD07B68464A934207D0CF
:106E80007B68454A934203D07B68444A934208D1C9
:106E9000FB6823F07003FB603B685B68FA68134390
:106EA000FB607B68394A934227D07B68B3F1804FFF
:106EB00023D07B68364A93421FD07B68354A934281
:106EC0001BD07B68344A934217D07B68334A934285
:106ED00013D07B68324A93420FD07B68314A934289
:106EE0000BD07B68304A934207D07B682F4A93428D
:106EF00003D07B682E4A934208D1FB6823F4407389
:106F0000FB603B68DB68FA681343FB60FB6823F0B7
:106F100080023B685B691343FB607B68FA681A6018
:106F20003B689A687B68DA623B681A687B689A6299
:106F30007B68164A93420FD07B68184A93420BD065
:106F40007B68174A934207D07B68164A934203D066
:106F50007B68154A934203D13B681A697B681A63C0
:106F60007B6801225A617B681B6903F00103012BD6
:106F700005D17B681B6923F001027B681A6100BFA1
:106F80001437BD465DF8047B704700BF0000014028
:106F90000004004000080040000C004000040140D4
:106FA00000400140004401400048014000E0004032
:106FB00000E4004080B483B000AF786000BF0C37BD
:106FC000BD465DF8047B704780B483B000AF786045
:106FD00000BF0C37BD465DF8047B704780B483B0BA
:106FE00000AF786000BF0C37BD465DF8047B70478A
:106FF00080B483B000AF78607B681B6803F0010346
:10700000012B01D1012300E0002318460C37BD46B7
:107010005DF8047B704780B483B000AF786039605E
:107020007B68DB6A23F00F033A6892B21A437B68ED
:10703000DA6200BF0C37BD465DF8047B704780B450
:1070400083B000AF786039607B685B6823F440529E
:107050003B681A437B685A6000BF0C37BD465DF839
:10706000047B704780B483B000AF786039607B6880
:107070009B6823F440723B681A437B689A6000BFA8
:107080000C37BD465DF8047B7047000080B487B0C4
:1070900000AFF860B9607A603B607B680B2B3CD82E
:1070A0003B6A002B39D03B68B3F5004F22D17B6897
:1070B000DBB21A461C4B53F82230BA68B2FBF3F32A
:1070C0005A003B6A5B081A443B6AB2FBF3F39BB27B
:1070D0007B617A694FF6F07313403B617B695B0813
:1070E0009BB203F007033A6913433B61FB683A69BB
:1070F000DA6012E07B68DBB21A460B4B53F82230A1
:10710000BA68B2FBF3F23B6A5B081A443B6AB2FB13
:10711000F3F39BB21A46FB68DA6000BF1C37BD462A
:107120005DF8047B704700BF44BF000880B586B09F
:1071300002AF786039600123FB730023BB6078687D
:10714000FFF756FF0346002B40F092807B681A68D9
:107150004A4B13403A6891683A68126911433A6899
:10716000526911433A68D2690A431A437B681A602C
:107170003B68DB6819467868FFF761FF3B689B69ED
:1071800019467868FFF76EFF7B683D4A934204D149
:107190003C48FEF761FFB8604FE07B683A4A934293
:1071A00004D13A48FEF758FFB86046E07B68384A99
:1071B000934204D13548FEF74FFFB8603DE07B684D
:1071C000344A934204D13148FEF746FFB86034E0B8
:1071D0007B68314A934204D12C48FEF73DFFB860EA
:1071E0002BE07B682D4A934204D12648FEF734FFFA
:1071F000B86022E07B682A4A934204D12348FEF714
:107200002BFFB86019E07B68264A934204D11F48DF
:10721000FEF722FFB86010E07B68234A934204D156
:107220001848FEF719FFB86007E07B681F4A9342D1
:1072300003D11448FEF710FFB860BB68002B11D0D3
:107240003B685B68002B0DD00023FB733B681A681A
:107250003B68D9693B685B6800930B46B9687868FE
:10726000FFF714FF3B681B6819467868FFF7D3FEE9
:10727000FB7B18461037BD4680BD00BFF369FFEFAA
:107280000010014008030007004400400800000708
:1072900000480040004C00400050004000140140F5
:1072A00000780040007C004000180140001C0140B4
:1072B00080B400AF324BD3F88830314A43F47003C6
:1072C000C2F888302F4B1B6803F00F03062B07D83A
:1072D0002C4B1B6823F00F032A4A43F0070313606B
:1072E000294B1B68284A43F001031360264B0022F8
:1072F0001A61254B1A682449244B13400B60214B1B
:107300001B6803F00803002B07D01E4B1B6823F0FB
:107310000F031C4A43F0070313601B4B00229A61C2
:10732000194B0022DA61184B00221A62164B184AD8
:107330009A62154B174ADA62134B174A1A63124BBB
:1073400000225A63104B144A9A630F4B0022DA63EF
:107350000D4B114A1A640C4B00225A640A4B1B68ED
:10736000094A23F480231360074B00221A660B4B53
:1073700043F2D2021A6000BFBD465DF8047B70473D
:1073800000ED00E000200052004402587FEDF6EAD4
:10739000000202020000FF018002010100400052D1
:1073A000DFF834D0FFF784FF0C480D490D4A002365
:1073B00002E0D458C4500433C4188C42F9D30A4AAA
:1073C0000A4C002301E013600432A242FBD304F014
:1073D000FBFCFBF7EBF870470000052400000024DD
:1073E000F4010024D4C70008F4010024EC080024B0
:1073F000FEE7000080B483B000AF78607B68044A89
:107400009A6100BF0C37BD465DF8047B704700BF32
:107410003D0A734190B5F1B000AF07F5E074A4F5F3
:10742000DA74206007F5E070A0F5DC70016007F504
:10743000E071A1F5DE710A6007F5E072A2F5E07275
:107440001360D7F8EC3193ED067AD7F8EC31D3ED31
:10745000077A77EE277AD7F8EC31C3ED067A07F58D
:10746000E073A3F5E0731B6893ED007A07F5E07312
:10747000A3F5E0731B68D3ED007A27EE277A07F5B2
:10748000E073A3F5E0731B680433D3ED006A07F5DE
:10749000E073A3F5E0731B680433D3ED007A66EE66
:1074A000A77A77EE277A07F5E073A3F5D673C3EDD5
:1074B000007A07F5E073A3F5D6731B68C7F82C3183
:1074C00007F11803C7F82831D7ED4B7AF5EEC07AEB
:1074D000F1EE10FA08DBD7ED4B7AF1EEE77AD7F848
:1074E0002831C3ED007A05E0D7F828314FF00002CB
:1074F0001A6000BF07F5E073A3F5E0731B6814334F
:10750000D3ED007A07F5E073A3F5E0731B68203331
:1075100093ED007AF0EE470AB0EE670A02F0E0FD64
:1075200087ED600A07F5E073A3F5E0731B68083385
:10753000D3ED007AF1EE677A07F5E073A3F5D47323
:1075400093ED007AF0EE470AB0EE670A02F0C8FD4C
:1075500087ED5F0A07F5E073A3F5E0731B6804335A
:10756000D3ED007A07F5E073A3F5E0731B6893EDA4
:10757000007AF0EE470AB0EE670A02F0B1FD87ED3F
:107580005E0A07F5E073A3F5D673D3ED007A9FED9D
:10759000967AF4EEC77AF1EE10FA40F1A08000235B
:1075A000C7F8B8310023C7F8BC3109E0D7F8B831C3
:1075B0000133C7F8B831D7F8BC310133C7F8BC3153
:1075C000D7F8BC31002BF1DDD7F8B831002B0BDD3B
:1075D00007F5E073A3F5E0731B681C33D3ED007A65
:1075E000F1EE677AC7ED567AD7F8B8315BB2002B67
:1075F0000FDD07F5E073A3F5E0731B681033D3EDDF
:10760000007AF0EE670A97ED560A02F069FD87ED01
:10761000570AD7F8B831002B0BDD07F5E073A3F557
:10762000E0731B680833D3ED007AF1EE677AC7ED9B
:10763000567AD7F8B831002B0FDD07F5E073A3F5C4
:10764000D473D3ED007AF0EE670A97ED560A02F094
:1076500047FDF0EE407AC7ED427AD7F8B8315BB219
:10766000002B06DD07F5E073A3F5C073D7F85C21A6
:107670001A60D7F8B831002B06DDD7F8082107F5D6
:10768000E073A3F5C0735A6007F5E073A3F5C07308
:107690004FF000029A600023C7F8483119E007F55F
:1076A000E073A3F5C0731B68C7F8803107F5E0737A
:1076B000A3F5C0735B68C7F87C3107F5E073A3F5E9
:1076C000C0739B68C7F87831D7F848310133C7F8E1
:1076D0004831D7F84821D7F8B8319A42DFDB97ED27
:1076E0005F0A03F0A9FA87ED560A97ED600A03F0E6
:1076F000A3FA87ED570A97ED600A03F0ADF987ED1D
:10770000510A07F5E073A3F5CC734FF000021A603D
:10771000D7ED516A97ED567AC6EE877A07F5E07392
:10772000A3F5CC73C3ED017AD7ED576A97ED567A7E
:10773000C6EE877A07F5E073A3F5CC73C3ED027A42
:10774000D7F8EC3193ED0E7AD7F8EC31D3ED0F7A10
:1077500077EE277AD7F8EC31C3ED0E7AD7F8EC3113
:1077600093ED167AD7F8EC31D3ED197A77EE277AC4
:10777000D7F8EC31C3ED167A4FF00003C7F8983113
:10778000D7F8EC3193ED177AD7F8EC31D3ED1A7ABC
:1077900077EE277AD7F8EC31C3ED177A4FF0000374
:1077A000C7F89031D7F8EC3193ED187AD7F8EC316F
:1077B000D3ED1B7A77EE277AD7F8EC31C3ED187A40
:1077C0004FF00003C7F888314FF00003C7F8543179
:1077D0004FF00003C7F850314FF00003C7F84C31A9
:1077E0000023C7F8BC31C6E00000A035D7F8BC3193
:1077F0009B0007F5E072A2F5DE72126813441B6865
:10780000C7F8AC31D7F8BC2113465B0013449B008A
:107810001A4607F5E073A3F5E0731B6813441A6872
:1078200007F5E073A3F5D6731A6007F5E073A3F5C7
:10783000D67393ED007AD7ED6B7A67EE277A97EDE2
:10784000667A77EE277AC7ED667AD7F8BC211346B9
:107850005B0013449B00043307F5E072A2F5E0726D
:10786000126813441A6807F5E073A3F5D4731A601D
:1078700007F5E073A3F5D47393ED007AD7ED6B7A37
:1078800067EE277A97ED647A77EE277AC7ED647A08
:10789000D7F8BC2113465B0013449B00083307F55F
:1078A000E072A2F5E072126813441B68C7F88031D9
:1078B00097ED607AD7ED6B7A67EE277A97ED627A6B
:1078C00077EE277AC7ED627AC74AD7F8BC311344FE
:1078D00093F9001007F5E073A3F5D872D7F8BC311F
:1078E00013440A461A7007F5E073A3F5D872D7F867
:1078F000BC31134493F90030C7F84831D7F8483108
:1079000007EE903AB8EEE77A07F5E073A3F5D67381
:10791000D3ED007A67EE277A97ED557A77EE277ADE
:10792000C7ED557AD7F8483107EE903AB8EEE77AC6
:1079300007F5E073A3F5D473D3ED007A67EE277AE9
:1079400097ED547A77EE277AC7ED547AD7F8483115
:1079500007EE903AB8EEE77AD7ED607A67EE277ACD
:1079600097ED537A77EE277AC7ED537AD7F8BC3183
:107970000133C7F8BC31D7F8BC31022B7FF736AFE3
:1079800097ED647AD7ED537A27EE277AD7ED546ACC
:10799000D7ED627A66EEA77A77EE677AC7ED507A0E
:1079A000D7F8EC31D3ED0E7AB1EE677AD7ED557A90
:1079B00027EE277AD7F8EC31D3ED066AD7ED507A67
:1079C00066EEA77A37EE677AD7F8EC31D3ED137A03
:1079D00037EE277ADFED856AC7EE267AC7ED607A43
:1079E00007F5E073A3F5D87393F9003007EE903AEA
:1079F000F8EEE77A9FED7E7A27EE877AD7F8EC31BA
:107A0000D3ED066AD7ED557A66EEA77A37EE677A38
:107A1000D7F8EC31D3ED107A77EE277ADFED736A81
:107A200087EEA67AD7F8D831D3ED007A77EE677A69
:107A300007F5E073A3F5BA73C3ED007A97ED557AB5
:107A4000D7ED627A27EE277AD7ED666AD7ED537ABB
:107A500066EEA77A77EE677AC7ED4F7AD7F8EC3102
:107A6000D3ED0E7AB1EE677AD7ED547A27EE277A06
:107A7000D7F8EC31D3ED066AD7ED4F7A66EEA77AE8
:107A800037EE677AD7F8EC31D3ED147A37EE277AF0
:107A9000DFED566AC7EE267A07F5E073A3F5D673D5
:107AA000C3ED007A07F5E073A3F5D87393F90130BD
:107AB00007EE903AF8EEE77A9FED4D7A27EE877A57
:107AC000D7F8EC31D3ED066AD7ED547A66EEA77A93
:107AD00037EE677AD7F8EC31D3ED117A77EE277A63
:107AE000DFED426A87EEA67AD7F8D8310433D3EDBA
:107AF000007A77EE677A07F5E073A3F5BA73C3ED02
:107B0000017A97ED667AD7ED547A27EE277AD7ED8A
:107B1000556AD7ED647A66EEA77A77EE677AC7ED95
:107B20004E7AD7F8EC31D3ED0E7AB1EE677AD7ED15
:107B3000537A27EE277AD7F8EC31D3ED066AD7EDE2
:107B40004E7A66EEA77A37EE677AD7F8EC31D3ED46
:107B5000157A37EE277ADFED256AC7EE267A07F524
:107B6000E073A3F5D473C3ED007A07F5E073A3F5D2
:107B7000D87393F9023007EE903AF8EEE77A9FED6A
:107B80001C7A27EE877AD7F8EC31D3ED066AD7ED69
:107B9000537A66EEA77A37EE677AD7F8EC31D3EDF1
:107BA000127A77EE277ADFED116A87EEA67AD7F898
:107BB000D8310833D3ED007A77EE677A07F5E073B2
:107BC000A3F5BA73C3ED027A4FF00003C7F8AC31E6
:107BD0004FF00003C7F8A8314FF00003C7F8B431E5
:107BE0000023C7F848318EE084BF00086666C63FB0
:107BF0003D0A7341D7F848310333A04A9B00134430
:107C000093ED007A07F5E073A3F5D673D3ED007A10
:107C100027EE277A994AD7F848319B001344D3EDD1
:107C2000006AD7ED607A66EEA77A37EE277AD7F842
:107C300048310633914A9B001344D3ED006A07F59F
:107C4000E073A3F5D473D3ED007A66EEA77A77EEEE
:107C5000277AF1EE677A07F5E073A3F5C072D7F8DB
:107C600048319B001344C3ED007A07F5E073A3F598
:107C7000BA72D7F848319B0013441B68C7F8B0317B
:107C8000D7F8482113465B0013447D4A9B001344F8
:107C900093ED007AD7ED6C7A67EE277A97ED6B7AE1
:107CA00077EE277AC7ED6B7AD7F8482113465B0049
:107CB00013440133724A9B00134493ED007AD7EDCD
:107CC0006C7A67EE277A97ED6A7A77EE277AC7EDB6
:107CD0006A7AD7F8482113465B0013440233684A96
:107CE0009B00134493ED007AD7ED6C7A67EE277A08
:107CF00097ED6D7A77EE277AC7ED6D7AD7F8483130
:107D00000133C7F84831D7F84831022B7FF772AFFB
:107D100007F5E073A3F5D273D7F8B4219A6007F59D
:107D2000E073A3F5D273D7F8A8215A6007F5E07382
:107D3000A3F5D273D7F8AC211A6007F5E073A3F569
:107D4000DC731B6893ED007AD7F8D431D3ED007A59
:107D500077EE677AC7ED5A7A07F5E073A3F5DA7321
:107D60001B6893ED007AD7F8D031D3ED007A77EE27
:107D7000677AC7ED607A07F5E073A3F5BA73D7F8B1
:107D800080211A6007F5E073A3F5DC731B680433E8
:107D900093ED007AD7F8D4310433D3ED007A77EE3F
:107DA000677AC7ED597A07F5E073A3F5DA731B68B4
:107DB000043393ED007AD7F8D0310433D3ED007A51
:107DC00077EE677A07F5E073A3F5D673C3ED007A13
:107DD00007F5E073A3F5D6731A6807F5E073A3F50A
:107DE000BA735A6007F5E073A3F5DC731B680833B8
:107DF00093ED007AD7F8D4310833D3ED007A77EEDB
:107E0000677AC7ED587A07F5E073A3F5DA731B6854
:107E1000083393ED007AD7F8D0310833D3ED007AE8
:107E200077EE677A07F5E073A3F5D473C3ED007AB4
:107E300007F5E073A3F5D4731A6807F5E073A3F5AB
:107E4000BA739A604FF00003C7F8AC314FF00003EB
:107E5000C7F8A8314FF00003C7F8B4314FF0000362
:107E6000C7F8A4314FF00003C7F8A0314FF000036A
:107E7000C7F89C310023C7F84831E4E0E4C00008AB
:107E80009CC0000807F5E073A3F5C072D7F848312D
:107E90009B00134493ED007A07F5E073A3F5D272CB
:107EA000D7F848319B001344D3ED007A37EE677A58
:107EB000D7F848310333AD4A9B001344D3ED006A31
:107EC000D7ED597A66EEA76AA84AD7F848319B00E1
:107ED000134493ED006AD7ED5A7A66EE277A76EE70
:107EE000A76AD7F848310633A04A9B00134493EDA4
:107EF000006AD7ED587A66EE277A76EEA77A77EEA3
:107F0000677A07F5E073A3F5C672D7F848319B008E
:107F10001344C3ED007A07F5E073A3F5BA72D7F8FE
:107F200048319B0013441B68C7F8B031D7F848218B
:107F300013465B0013448E4A9B00134493ED007A72
:107F4000D7ED6C7A67EE277A97ED6B7A77EE277A22
:107F5000C7ED6B7AD7F8482113465B001344013311
:107F6000C7F8B831824AD7F8B8319B00134493ED73
:107F7000007AD7ED6C7A67EE277A97ED6A7A77EE1A
:107F8000277AC7ED6A7AD7F8482113465B00134475
:107F90000233C7F8BC31764AD7F8BC319B00134492
:107FA00093ED007AD7ED6C7A67EE277A97ED6D7ACC
:107FB00077EE277AC7ED6D7AD7F848319B0007F541
:107FC000E072A2F5DE72126813441B68C7F8B03184
:107FD000D7F8482113465B001344664A9B001344BC
:107FE00093ED007AD7ED6C7A67EE277A97ED697A90
:107FF00077EE277AC7ED697A5E4AD7F8B8319B00E9
:10800000134493ED007AD7ED6C7A67EE277A97EDFB
:10801000687A77EE277AC7ED687A564AD7F8BC3186
:108020009B00134493ED007AD7ED6C7A67EE277AC4
:1080300097ED677A77EE277AC7ED677AD7F84831F8
:108040000133C7F84831D7F84831022B7FF71AAF10
:108050000023C7F8483117E0474AD7F848319B005A
:108060001344D3ED007AF1EE677A07F5E073A3F5D8
:108070009A72D7F848319B001344C3ED007AD7F8C1
:1080800048310133C7F84831D7F84831082BE3DDD0
:1080900007F5E073A3F5DE731B68043393ED007AF4
:1080A000D7ED677A27EE277A07F5E073A3F5DE733D
:1080B0001B680833D3ED006AD7ED687A66EEA77ABD
:1080C00077EE677A07F5E073A3F5C073C3ED007A26
:1080D00007F5E073A3F5DE731B68083393ED007AB0
:1080E000D7ED697A27EE277A07F5E073A3F5DE73FB
:1080F0001B68D3ED006AD7ED677A66EEA77A77EE54
:10810000677A07F5E073A3F5C073C3ED017A07F54D
:10811000E073A3F5DE731B6893ED007AD7ED687A00
:1081200027EE277A07F5E073A3F5DE731B680433A7
:10813000D3ED006AD7ED697A66EEA77A77EE677AB3
:1081400007F5E073A3F5C073C3ED027A4FF00003A7
:10815000C7F868314FF00003C7F864314FF00003EF
:10816000C7F860310023C7F848315EE088BF0008D7
:1081700074C1000898C10008BCC1000807F5E0738D
:10818000A3F5C072D7F848319B0013441B68C7F8A9
:10819000B031D7F8482113465B00134407F5E0726D
:1081A000A2F59A729B00134493ED007AD7ED6C7A96
:1081B00067EE277A97ED5A7A77EE277AC7ED5A7AE3
:1081C000D7F8482113465B001344013307F5E072EA
:1081D000A2F59A729B00134493ED007AD7ED6C7A66
:1081E00067EE277A97ED597A77EE277AC7ED597AB5
:1081F000D7F8482113465B001344023307F5E072B9
:10820000A2F59A729B00134493ED007AD7ED6C7A35
:1082100067EE277A97ED587A77EE277AC7ED587A86
:10822000D7F848310133C7F84831D7F84831022B25
:10823000A4DD07F5E073A3F5C073D7F860219A6059
:1082400007F5E073A3F5C073D7F864215A6007F50A
:10825000E073A3F5C073D7F868211A604FF00003EC
:10826000C7F894314FF00003C7F88C314FF000038A
:10827000C7F88431D7F8EC31D3ED0E7AB8EE007A36
:1082800067EE877AC7ED4D7A4FF00003C7F8A43147
:108290004FF00003C7F8A0314FF00003C7F89C313E
:1082A0000023C7F8483142E107F5E073A3F5C07237
:1082B000D7F848319B0013441B68C7F8B031D7F892
:1082C000482113465B0013449B001A4607F5E073F0
:1082D000A3F5E0731B68134493ED007AD7ED6C7A35
:1082E00067EE277A97ED657A77EE277AC7ED657A9C
:1082F000D7F8482113465B0013440133C7F8B8315F
:10830000D7F8B8319B0007F5E072A2F5E072126869
:10831000134493ED007AD7ED6C7A67EE277A97EDE8
:10832000637A77EE277AC7ED637AD7F84821134648
:108330005B0013440233C7F83031D7F830319B006B
:1083400007F5E072A2F5E0721268134493ED007A2B
:10835000D7ED6C7A67EE277A97ED617A77EE277A18
:10836000C7ED617A4FF00003C7F874314FF0000396
:10837000C7F870314FF00003C7F86C310023C7F81D
:10838000BC315DE0D7F8482113465B001A44D7F8AA
:10839000BC311344F84A9B0013441B68C7F8B03142
:1083A000D7F8BC2113465B0013449B001A4607F51F
:1083B000E073A3F5E0731B68134493ED007AD7EDE7
:1083C0006C7A67EE277A97ED5D7A77EE277AC7EDBC
:1083D0005D7AD7F8BC2113465B0013449B0004333D
:1083E00007F5E072A2F5E0721268134493ED007A8B
:1083F000D7ED6C7A67EE277A97ED5C7A77EE277A7D
:10840000C7ED5C7AD7F8BC2113465B0013449B0090
:10841000083307F5E072A2F5E0721268134493ED99
:10842000007AD7ED6C7A67EE277A97ED5B7A77EE74
:10843000277AC7ED5B7AD7F8BC310133C7F8BC3176
:10844000D7F8BC31022B9DDD07F5E073A3F59A72D6
:10845000D7F830319B001344D7F86C211A6007F528
:10846000E073A3F59A72D7F8B8319B001344D7F89C
:1084700070211A60D7F8482113465B00134407F5B2
:10848000E072A2F59A729B001344D7F874211A6027
:10849000D7F8EC21D7F848310A339B001344043352
:1084A0001B68C7F8B031D7F8482113465B00134466
:1084B00007F5E072A2F59A729B00134493ED007ADF
:1084C000D7ED6C7A67EE277A97ED697A77EE277A9F
:1084D000C7ED697A07F5E073A3F59A72D7F8B8315A
:1084E0009B00134493ED007AD7ED6C7A67EE277A00
:1084F00097ED687A77EE277AC7ED687A07F5E0732B
:10850000A3F59A72D7F830319B00134493ED007AAB
:10851000D7ED6C7A67EE277A97ED677A77EE277A50
:10852000C7ED677AD7F848310133C7F84831D7F833
:108530004831022B7FF7B8AE97ED4D7AD7ED507AE0
:1085400027EE277AD7ED646AD7ED4E7A66EEA76AF2
:1085500097ED4F6AD7ED627A66EE277A76EEE76A94
:1085600097ED636AD7ED537A26EE276AD7ED545A12
:10857000D7ED617A65EEA77A76EE677A76EEA76A2E
:10858000D7F8EC31D3ED067A66EEA77A77EE677A04
:10859000B1EE677AD7ED546AD7ED677A66EEA76ACF
:1085A00097ED686AD7ED537A66EE277A76EEE76A3A
:1085B000D7F8EC31D3ED067A66EEA77A37EE677A14
:1085C000D7F8EC31D3ED087A37EE677A07F5E07328
:1085D000A3F5C673D3ED006AD7ED6B7A76EEE77A32
:1085E000DFED666A67EEA67A77EE277AC7ED6B7ADB
:1085F00097ED4D7AD7ED4F7A27EE277AD7ED506A6F
:10860000D7ED627A66EEA76A97ED666AD7ED4E7A85
:1086100066EE277A76EEE76A97ED556AD7ED617ACE
:1086200026EE276AD7ED655AD7ED537A65EEA77A1D
:1086300076EE677A76EEA76AD7F8EC31D3ED067A54
:1086400066EEA77A77EE677AB1EE677AD7ED696A58
:10865000D7ED537A66EEA76A97ED556AD7ED677A3C
:1086600066EE277A76EEE76AD7F8EC31D3ED067A34
:1086700066EEA77A37EE677AD7F8EC31D3ED097A50
:1086800037EE677A07F5E073A3F5C673D3ED016A99
:10869000D7ED6A7A76EEE77ADFED386A67EEA67A8A
:1086A00077EE277AC7ED6A7A97ED4D7AD7ED4E7A55
:1086B00027EE277AD7ED666AD7ED4F7A66EEA76A7E
:1086C00097ED506AD7ED647A66EE277A76EEE76A20
:1086D00097ED656AD7ED547A26EE276AD7ED555A9D
:1086E000D7ED637A65EEA77A76EE677A76EEA76ABB
:1086F000D7F8EC31D3ED067A66EEA77A77EE677A93
:10870000B1EE677AD7ED556AD7ED687A66EEA76A5B
:1087100097ED696AD7ED547A66EE277A76EEE76AC6
:10872000D7F8EC31D3ED067A66EEA77A37EE677AA2
:10873000D7F8EC31D3ED0A7A37EE677A07F5E073B4
:10874000A3F5C673D3ED026AD7ED6D7A76EEE77ABC
:10875000DFED0A6A67EEA67A77EE277AC7ED687AC8
:1087600097ED5F0A02F04EF987ED6D0A97ED5F0A0B
:1087700002F072F904E000BFBCC100086666C63FA3
:1087800087ED6C0A4FF00003C7F87C314FF000030F
:10879000C7F8A4310023C7F84831B2E0D7F8482120
:1087A00013465B0013440133C7F8BC31D7F84821A6
:1087B00013465B0013440233C7F8B831D7F8482199
:1087C00013465B0013449B001A4607F5E073A3F5BC
:1087D000E0731B68134493ED007AD7ED6B7A27EEB4
:1087E000277AD7F8BC319B0007F5E072A2F5E0725A
:1087F00012681344D3ED006AD7ED6A7A66EEA77A61
:1088000037EE277AD7F8B8319B0007F5E072A2F56A
:10881000E07212681344D3ED006AD7ED687A66EE11
:10882000A77A77EE277A07F5E073A3F5C672D7F833
:1088300048319B001344C3ED007AD7F84821134612
:108840005B001344D74A9B001344D3ED007A9FED9D
:10885000D67A27EE877AD34AD7F8BC319B001344E7
:10886000D3ED006A07F5E073A3F5CC73D3ED017A7D
:1088700066EEA77A37EE277ACA4AD7F8B8319B0056
:108880001344D3ED006A07F5E073A3F5CC73D3ED81
:10889000027A66EEA77A37EE277AD7F8EC21D7F876
:1088A00048310A339B0013440433D3ED007A67EE5A
:1088B000277A97ED5F7A77EE277AC7ED5F7A07F52B
:1088C000E073A3F5CC72D7F848319B00134493EDC5
:1088D000007AD7F848319B0007F5E072A2F5DE7206
:1088E00012681344D3ED007A67EE277A97ED697A20
:1088F00077EE277AC7ED697AD7F848310133C7F8A0
:108900004831D7F84831022B7FF748AF07F5E073BD
:10891000A3F5C673D3ED016AD7F8EC3193ED067A6F
:10892000C6EE877AC7ED6B7A07F5E073A3F5C673D9
:10893000D3ED007AF1EE676AD7F8EC3193ED067A61
:10894000C6EE877AC7ED6A7A07F5E073A3F5C073C0
:10895000D7F8AC211A6007F5E073A3F5C073D7F818
:10896000A8215A6007F5E073A3F5DE731B68043392
:1089700093ED007AD7ED577A27EE277A07F5E07363
:10898000A3F5DE731B680833D3ED006AD7ED517A87
:1089900066EEA77A77EE677AC7ED687AD7ED567AF2
:1089A00067EEA77AC7ED677A07F5E073A3F5DE7384
:1089B0001B68083393ED007AD7ED577A27EE277AB4
:1089C000D7ED6D7A27EE277A07F5E073A3F5DE730E
:1089D0001B68D3ED007A37EE277A07F5E073A3F52D
:1089E000DE731B680433D3ED006AD7ED517A66EE6F
:1089F000A76AD7ED6D7A66EEA77A77EE277AC7ED8C
:108A00006D7A97ED517AD7ED6C7A27EE277AD7ED0C
:108A1000687A67EE276AD7ED677A86EEA77AD7ED90
:108A20006D6AD7ED577A26EEA76AD7ED566AC6EE7D
:108A3000267A77EE277AB1EE677A07F5E073A3F529
:108A4000DE731B680433D3ED007A27EE277A07F52F
:108A5000E073A3F5DE731B68D3ED007ADFED536A94
:108A600067EEA67A37EE277AD7ED576AD7ED6C7A9C
:108A700066EEA76AD7ED687A26EEA76AD7ED677A21
:108A8000C6EE276A97ED6D6AD7ED517A66EE275AE2
:108A900097ED566AC5EE867A76EEE77AF1EE676A6A
:108AA00007F5E073A3F5DE731B680833D3ED007A96
:108AB00066EEA77A37EE277AD7ED5A7ADFED3A6A73
:108AC00067EEA66A07F5E073A3F5CC7393ED016A30
:108AD000D7ED597A66EE277A76EEA76A07F5E07346
:108AE000A3F5CC7393ED026AD7ED587A66EE277A38
:108AF00076EEA77A37EE677AD7ED6B7ADFED2A6AE2
:108B000067EEA67A37EE677A07F5E073A3F5CC73C4
:108B1000D3ED016AD7ED6A7A66EEA77A37EE677A07
:108B2000D7ED5F7A37EE677AD7F8E431D3ED006A94
:108B3000D7F8E031D3ED007A97ED696A76EE677A7F
:108B4000B0EE086A67EE867A76EEE76AD7F8DC312F
:108B5000D3ED007A97ED5E6A76EE677A77EEA77AC4
:108B600076EEE77A77EE276A07F5E073A3F5CC7324
:108B700093ED027AC6EE877A07F5E073A3F5C0732A
:108B8000C3ED027A4FF00003C7F878314FF00003CD
:108B9000C7F858314FF00003C7F85C310023C7F81D
:108BA000483153E0BCC10008000000000000008014
:108BB00007F5E073A3F5C072D7F848319B00134462
:108BC0001B68C7F8AC31D7F8482113465B00134443
:108BD000834A9B00134493ED007AD7ED6B7A67EEDE
:108BE000277A97ED5E7A77EE277AC7ED5E7AD7F827
:108BF000482113465B0013440133794A9B00134418
:108C000093ED007AD7ED6B7A67EE277A97ED567A77
:108C100077EE277AC7ED567AD7F8482113465B00DE
:108C2000134402336E4A9B00134493ED007AD7ED50
:108C30006B7A67EE277A97ED577A77EE277AC7ED4A
:108C4000577AD7F848310133C7F84831D7F8483157
:108C5000022BADDDD7F8EC31D3ED067AF1EE677A71
:108C600007F5E073A3F5B473C3ED007A07F5E0737D
:108C7000A3F5B473D7F878215A6007F5E073A3F52C
:108C8000B473D7F858219A6007F5E073A3F5B4736D
:108C9000D7F85C21DA600023C7F848310DE0D7F837
:108CA000EC21D7F848319B0013444FF000021A60C2
:108CB000D7F848310133C7F84831D7F84831052B88
:108CC000EDDD0023C7F8483141E007F5E073A3F577
:108CD000B472D7F848319B0013441B68C7F8AC3115
:108CE0000023C7F8BC3129E0D7F8EC21D7F8BC3114
:108CF0009B00134493ED007AD7F8482113465B009C
:108D000013445B001A46D7F8BC311344354A9B0024
:108D10001344D3ED006AD7ED6B7A66EEA77A77EE4F
:108D2000277AD7F8EC21D7F8BC319B001344C3ED68
:108D3000007AD7F8BC310133C7F8BC31D7F8BC3161
:108D4000052BD1DDD7F848310133C7F84831D7F8C2
:108D50004831032BB9DD0023C7F8BC3112E0D7F846
:108D6000BC319B00D7F8E8211344D7F8EC11D7F8B1
:108D7000BC2192000A4412681A60D7F8BC31013352
:108D8000C7F8BC31D7F8BC31052BE8DD07F5E07337
:108D9000A3F5DC731B6804331B68C7F8783107F54B
:108DA000E073A3F5DC731B681B68C7F8583107F53F
:108DB000E073A3F5DC731B6808331B68C7F85C31EC
:108DC0004FF00003C7F8AC314FF00003C7F8A831EB
:108DD0004FF00003C7F8B4310023C7F8BC31B3E04B
:108DE00030C00008D0BF0008D7F8EC21D7F8BC315C
:108DF0001C339B00134493ED007AD7F8EC21D7F88D
:108E0000BC311E339B0013440433D3ED007A77EE5C
:108E1000277AC7ED517AD7F8EC21D7F8BC311C334B
:108E20009B001344D7F844211A60D7F8BC310333B0
:108E3000DF4A9B001344D3ED007A9FEDDE7A27EEE4
:108E4000877AD7ED5E7A27EE277AD94AD7F8BC31F0
:108E50009B001344D3ED007ADFEDD66A67EEA66A75
:108E6000D7ED567A66EEA77A37EE277AD7F8BC3177
:108E70000633CF4A9B001344D3ED007ADFEDCD6A71
:108E800067EEA66AD7ED577A66EEA77A37EE277AAD
:108E9000D7ED517A77EE277A07F5E073A3F5CC7218
:108EA000D7F8BC319B001344C3ED007A07F5E0739B
:108EB000A3F5CC72D7F8BC319B0013441B68C7F8EC
:108EC000B031D7F8BC2113465B001344BA4A9B006B
:108ED000134493ED007AD7ED6C7A67EE277A97ED1D
:108EE0006B7A77EE277AC7ED6B7AD7F8BC211346F9
:108EF0005B0013440133B04A9B00134493ED007AA6
:108F0000D7ED6C7A67EE277A97ED6A7A77EE277A53
:108F1000C7ED6A7AD7F8BC2113465B0013440233CD
:108F2000A54A9B00134493ED007AD7ED6C7A67EE67
:108F3000277A97ED6D7A77EE277AC7ED6D7AD7F8B5
:108F4000BC310133C7F8BC31D7F8BC31022B7FF7F5
:108F50004BAF07F5E073A3F5C073D7F8B4219A605F
:108F600007F5E073A3F5C073D7F8A8215A6007F599
:108F7000E073A3F5C073D7F8AC211A604FF000037B
:108F8000C7F8AC314FF00003C7F8A8314FF0000329
:108F9000C7F8B4310023C7F84831EAE007F5E073B9
:108FA000A3F5C072D7F848319B0013441A68D7F86C
:108FB000EC11D7F8483110339B000B441A604FF086
:108FC0000003C7F8B0314FF00003C7F878314FF015
:108FD0000003C7F858310023C7F8BC3142E0D7F886
:108FE000BC2113465B001344734A9B001344D3ED2A
:108FF000007A9FED727A67EE877A97ED6C7A77EE5A
:10900000277AC7ED6C7AD7F8BC2113465B0013446E
:109010000133694A9B001344D3ED007A9FED677AD0
:1090200067EE877A97ED5E7A77EE277AC7ED5E7AFC
:10903000D7F8BC2113465B00134402335E4A9B0001
:109040001344D3ED007A9FED5D7A67EE877A97ED52
:10905000567A77EE277AC7ED567AD7F8BC310133C6
:10906000C7F8BC31D7F8BC31022BB8DDD7F848219E
:1090700013465B0013440233C7F8B83107F5E073B9
:10908000A3F59A72D7F8B8319B001344D7F858214A
:109090001A60D7F8482113465B0013440133C7F820
:1090A000BC3107F5E073A3F59A72D7F8BC319B0089
:1090B0001344D7F878211A60D7F8482113465B008B
:1090C000134407F5E072A2F59A729B001344D7F897
:1090D000B0211A6007F5E073A3F5CC72D7F84831D8
:1090E0009B0013441B68C7F8B031D7F848211346DA
:1090F0005B00134407F5E072A2F59A729B001344DB
:1091000093ED007AD7ED6C7A67EE277A97ED6B7A5C
:1091100077EE277AC7ED6B7A07F5E073A3F59A72BD
:10912000D7F8BC319B00134493ED007AD7ED6C7AED
:1091300067EE277A97ED6A7A77EE277AC7ED6A7A33
:1091400007F5E073A3F59A72D7F8B8319B00134482
:1091500093ED007AD7ED6C7A67EE277A97ED6D7A0A
:1091600077EE277AC7ED6D7AD7F848310133C7F823
:109170004831D7F84831022B7FF710AF07F5E0737D
:10918000A3F5C073D7F8B4219A6007F5E073A3F58F
:10919000C073D7F8A8215A6007F5E073A3F5C07330
:1091A000D7F8AC211A600023C7F8483115E100BF99
:1091B000ACBF00086666C63F08C10008000000009A
:1091C00007F5E073A3F5C072D7F848319B0013444C
:1091D0001A68D7F8EC11D7F8483112339B000B44CA
:1091E00004331A60D7F8482113465B00134407F58F
:1091F000E072A2F59A729B0013444FF000021A60CD
:10920000D7F8482113465B0013440133C7F8BC313B
:1092100007F5E073A3F59A72D7F8BC319B001344AD
:109220004FF000021A60D7F8482113465B00134440
:109230000233C7F8303107F5E073A3F59A72D7F817
:1092400030319B0013444FF000021A600023C7F82E
:10925000B83115E0D7F8482113465B001A44D7F817
:10926000B831134407F5E072A2F5AC729B001344C9
:109270004FF000021A60D7F8B8310133C7F8B8319F
:10928000D7F8B831022BE5DDD7F8482113465B004B
:10929000134407F5E072A2F5AC729B0013441B68FF
:1092A000C7F8AC3107F5E073A3F5AC72D7F8BC3161
:1092B0009B0013441B68C7F8A83107F5E073A3F5BA
:1092C000AC72D7F830319B0013441B68C7F8B43137
:1092D0000023C7F8B83153E0D7F8482113465B00A4
:1092E0001A44D7F8B831134407F5E072A2F59A7220
:1092F0009B0013441B68C7F8B031D7F8B821134658
:109300005B001344DC4A9B00134493ED007AD7EDD5
:109310006C7A67EE277A97ED6B7A77EE277AC7ED4E
:109320006B7AD7F8B82113465B0013440133D24A55
:109330009B00134493ED007AD7ED6C7A67EE277AA1
:1093400097ED6A7A77EE277AC7ED6A7AD7F8B8216F
:1093500013465B0013440233C74A9B00134493ED4A
:10936000007AD7ED6C7A67EE277A97ED6D7A77EE13
:10937000277AC7ED6D7AD7F8B8310133C7F8B8311D
:10938000D7F8B831022BA7DD07F5E073A3F5AC726F
:10939000D7F830319B001344D7F8B4211A6007F591
:1093A000E073A3F5AC72D7F8BC319B001344D7F837
:1093B000A8211A60D7F8482113465B00134407F52B
:1093C000E072A2F5AC729B001344D7F8AC211A608E
:1093D000D7F848310133C7F84831D7F84831022B64
:1093E0007FF7EEAE4FF00003C7F8AC314FF000034B
:1093F000C7F8A8314FF00003C7F8B4310023C7F80D
:10940000483156E007F5E073A3F5CC72D7F8483140
:109410009B0013441B68C7F8B031D7F848211346A6
:109420005B00134407F5E072A2F5AC729B00134495
:1094300093ED007AD7ED6C7A67EE277A97ED6B7A29
:1094400077EE277AC7ED6B7AD7F8482113465B0091
:109450001344013307F5E072A2F5AC729B0013448C
:1094600093ED007AD7ED6C7A67EE277A97ED6A7AFA
:1094700077EE277AC7ED6A7AD7F8482113465B0062
:109480001344023307F5E072A2F5AC729B0013445B
:1094900093ED007AD7ED6C7A67EE277A97ED6D7AC7
:1094A00077EE277AC7ED6D7AD7F848310133C7F8E0
:1094B0004831D7F84831022BA4DDD7F8EC31D7F882
:1094C000AC211A62D7F8EC31D7F8A8215A62D7F844
:1094D000EC31D7F8B4219A620023C7F84831A2E0F2
:1094E0004FF00003C7F874314FF00003C7F8703134
:1094F0004FF00003C7F86C310023C7F8BC315DE0C2
:10950000D7F8482113465B001A44D7F8BC311344FE
:109510005A4A9B0013441B68C7F8AC31D7F8BC21EA
:1095200013465B0013449B001A4607F5E073A3F54E
:10953000E0731B68134493ED007AD7ED6B7A67EE06
:10954000277A97ED5D7A77EE277AC7ED5D7AD7F8BF
:10955000BC2113465B0013449B00043307F5E07203
:10956000A2F5E0721268134493ED007AD7ED6B7A9E
:1095700067EE277A97ED5C7A77EE277AC7ED5C7A0B
:10958000D7F8BC2113465B0013449B00083307F552
:10959000E072A2F5E0721268134493ED007AD7ED01
:1095A0006B7A67EE277A97ED5B7A77EE277AC7EDCD
:1095B0005B7AD7F8BC310133C7F8BC31D7F8BC317E
:1095C000022B9DDDD7F8482113465B00134402337C
:1095D00007F5E072A2F588729B001344D7F86C215E
:1095E0001A60D7F8482113465B001344013307F58E
:1095F000E072A2F588729B001344D7F870211A60BC
:10960000D7F8482113465B00134407F5E072A2F532
:1096100088729B001344D7F874211A60D7F8483138
:109620000133C7F84831D7F84831052B7FF758AFD9
:109630004FF00003C7F8AC314FF00003C7F8A83172
:109640004FF00003C7F8B4314FF00003C7F8B03152
:109650004FF00003C7F878314FF00003C7F85831D6
:109660000023C7F84831ECE04FF00003C7F85C3145
:109670000023C7F8BC312AE008C1000854C0000824
:109680003D0A7341D7F8BC2113465B001A44D7F852
:109690004831134407F5E072A2F588729B00134429
:1096A00093ED007AD7F8BC319B00D7F8E82113443A
:1096B000D3ED007A67EE277A97ED577A77EE277A1F
:1096C000C7ED577AD7F8BC310133C7F8BC31D7F8AA
:1096D000BC31052BD6DD07F5E073A3F5D872D7F8BA
:1096E0004831134493F9003007EE903AF8EEE77AE8
:1096F0001FED1D7A27EE877AD7ED577A77EE277A16
:1097000007F5E073A3F5BA72D7F848319B0013440C
:10971000C3ED007A07F5E073A3F5CC72D7F84831B2
:109720009B0013441B68C7F85C31D7F848211346E7
:109730005B001344E64A9B00134493ED007AD7ED97
:10974000577A67EE277A97ED6B7A77EE277AC7ED2F
:109750006B7AD7F8482113465B0013440133C7F8EE
:10976000B831DB4AD7F8B8319B00134493ED007A47
:10977000D7ED577A67EE277A97ED6A7A77EE277AF0
:10978000C7ED6A7AD7F8482113465B0013440233C9
:10979000C7F8BC31CE4AD7F8BC319B00134493EDD7
:1097A000007AD7ED577A67EE277A97ED6D7A77EEE4
:1097B000277AC7ED6D7A07F5E073A3F5BA72D7F88B
:1097C00048319B0013441B68C7F85C31D7F8482127
:1097D00013465B001344BF4A9B00134493ED007A89
:1097E000D7ED577A67EE277A97ED6C7A77EE277A7E
:1097F000C7ED6C7AB74AD7F8B8319B00134493EDA4
:10980000007AD7ED577A67EE277A97ED5E7A77EE92
:10981000277AC7ED5E7AAF4AD7F8BC319B00134474
:1098200093ED007AD7ED577A67EE277A97ED567A5F
:1098300077EE277AC7ED567AD7F848310133C7F863
:109840004831D7F84831022B7FF70EAF07F5E073A8
:10985000A3F5C073D7F8B4219A6007F5E073A3F5B8
:10986000C073D7F8A8215A6007F5E073A3F5C07359
:10987000D7F8AC211A6007F5E073A3F5D273D7F8D7
:1098800058219A6007F5E073A3F5D273D7F87821D1
:109890005A6007F5E073A3F5D273D7F8B0211A60C8
:1098A0000023C7F8BC31D7E007F5E073A3F5C07219
:1098B000D7F8BC319B00134493ED007A07F5E073B1
:1098C000A3F5D272D7F8BC319B001344D3ED007AD4
:1098D00077EE677A9FED807A67EE877AD7F8EC218A
:1098E000D7F8BC311E339B0013440433C3ED007A18
:1098F000D7F8EC21D7F8BC3122339B00134493ED09
:10990000007AD7F8EC21D7F8BC3124339B001344FC
:109910000433D3ED007A77EE277AD7F8EC21D7F825
:10992000BC3122339B001344C3ED007A4FF0000397
:10993000C7F8AC314FF00003C7F8A8314FF000036F
:10994000C7F8B4310023C7F8483150E0D7F8BC213C
:1099500013465B001A44D7F8483113445F4A9B0012
:1099600013441B68C7F8B031D7F8482113465B0091
:109970001344584A9B00134493ED007AD7ED6C7A58
:1099800067EE277A97ED6B7A77EE277AC7ED6B7AD9
:10999000D7F8482113465B00134401334D4A9B001E
:1099A000134493ED007AD7ED6C7A67EE277A97ED42
:1099B0006A7A77EE277AC7ED6A7AD7F84821134694
:1099C0005B0013440233434A9B00134493ED007A37
:1099D000D7ED6C7A67EE277A97ED6D7A77EE277A76
:1099E000C7ED6D7AD7F848310133C7F84831D7F859
:1099F0004831022BAADDD7F8BC2113465B00134483
:109A0000023307F5E072A2F59A729B001344D7F86F
:109A1000B4211A60D7F8BC2113465B00134401330C
:109A200007F5E072A2F59A729B001344D7F8A821BB
:109A30001A60D7F8BC2113465B00134407F5E072A7
:109A4000A2F59A729B001344D7F8AC211A60D7F89C
:109A5000BC310133C7F8BC31D7F8BC31022B7FF7DA
:109A600023AF07F5E073A3F5DE731B6804331B68AF
:109A7000C7F8783107F5E073A3F5DE731B681B6840
:109A8000C7F8583107F5E073A3F5DE731B68083398
:109A90001B68C7F85C314FF00003C7F8A4314FF0E2
:109AA0000003C7F8A0314FF00003C7F89C314FF016
:109AB0000003C7F8AC314FF00003C7F8A8314FF0EE
:109AC0000003C7F8B4310023C7F84831E5E000BF10
:109AD00004C20008ACBF00080AD7A33BE0C10008DD
:109AE000D7F84831033307F5E072A2F59A729B006C
:109AF000134493ED007AD7ED5E7A27EE277A07F5C7
:109B0000E073A3F59A72D7F848319B001344D3ED64
:109B1000006AD7ED567A66EEA77A37EE277AD7F83D
:109B20004831063307F5E072A2F59A729B001344A0
:109B3000D3ED006AD7ED577A66EEA77A37EE277A2B
:109B4000D7F8EC21D7F8483122339B001344D3EDEA
:109B5000007A77EE277A07F5E073A3F5CC72D7F891
:109B600048319B001344C3ED007AD7F848319B007D
:109B700007F5E072A2F5DE72126813441B68C7F89D
:109B8000B031D7F8482113465B001344C04A9B000C
:109B9000134493ED007AD7ED6C7A67EE277A97ED50
:109BA000697A77EE277AC7ED697AD7F848211346A4
:109BB0005B0013440133C7F8B831B54AD7F8B83160
:109BC0009B00134493ED007AD7ED6C7A67EE277A09
:109BD00097ED687A77EE277AC7ED687AD7F848214B
:109BE00013465B0013440233C7F8BC31A84AD7F8C8
:109BF000BC319B00134493ED007AD7ED6C7A67EE8D
:109C0000277A97ED677A77EE277AC7ED677A07F5B7
:109C1000E073A3F5CC72D7F848319B0013441B685E
:109C2000C7F8B031D7F8482113465B001344994A6E
:109C30009B00134493ED007AD7ED6C7A67EE277A98
:109C400097ED6B7A77EE277AC7ED6B7A914AD7F862
:109C5000B8319B00134493ED007AD7ED6C7A67EE30
:109C6000277A97ED6A7A77EE277AC7ED6A7A894A7A
:109C7000D7F8BC319B00134493ED007AD7ED6C7A92
:109C800067EE277A97ED6D7A77EE277AC7ED6D7AD2
:109C9000D7F848310133C7F84831D7F84831022B9B
:109CA0007FF71EAFD7F8EC31D7F8AC21DA624FF06E
:109CB0000003C7F87831D7F8EC31D7F8A8211A6338
:109CC0004FF00003C7F85831D7F8EC31D7F8B4217A
:109CD0005A634FF00003C7F85C310023C7F84831DE
:109CE0004BE0D7F848319B00D7F8E82113441B68B4
:109CF000C7F8AC31D7F8482113465B001344664AD5
:109D00009B00134493ED007AD7ED6B7A67EE277AC8
:109D100097ED5E7A77EE277AC7ED5E7AD7F848211D
:109D200013465B00134401335B4A9B00134493EDDD
:109D3000007AD7ED6B7A67EE277A97ED567A77EE51
:109D4000277AC7ED567AD7F8482113465B001344AB
:109D50000233514A9B00134493ED007AD7ED6B7A9E
:109D600067EE277A97ED577A77EE277AC7ED577A1D
:109D7000D7F848310133C7F84831D7F84831052BB7
:109D8000AFDD07F5E073A3F5DE731B68043393EDD5
:109D9000007AD7ED677A27EE277A07F5E073A3F507
:109DA000DE731B680833D3ED006AD7ED687A66EE80
:109DB000A77A77EE677A97ED5E7A77EE677A07F59E
:109DC000E073A3F5C073C3ED007A4FF00003C7F84A
:109DD000783107F5E073A3F5DE731B68083393ED64
:109DE000007AD7ED697A27EE277A07F5E073A3F5B5
:109DF000DE731B68D3ED006AD7ED677A66EEA77A4B
:109E000077EE677A97ED567A77EE677A07F5E07323
:109E1000A3F5C073C3ED017A4FF00003C7F85831C2
:109E200007F5E073A3F5DE731B6893ED007AD7EDB9
:109E3000687A27EE277A07F5E073A3F5DE731B68CF
:109E40000433D3ED006AD7ED697A66EEA77A77EE30
:109E5000677A97ED577A77EE677A07F5E073A3F59F
:109E6000C073C3ED027A4FF00003C7F85C314FF0C6
:109E70000003C7F8AC314FF00003C7F8A8314FF02A
:109E80000003C7F8B4310023C7F848319DE000BF94
:109E9000E0C10008C0C000082CC1000807F5E0734D
:109EA000A3F5CC72D7F848319B0013441B68C7F860
:109EB000B031D7F8482113465B0013447E4A9B001B
:109EC000134493ED007AD7ED6C7A67EE277A97ED1D
:109ED0005E7A77EE277AC7ED5E7AD7F84821134687
:109EE0005B0013440133C7F8B831734AD7F8B8316F
:109EF0009B00134493ED007AD7ED6C7A67EE277AD6
:109F000097ED567A77EE277AC7ED567AD7F848213B
:109F100013465B0013440233C7F8BC31664AD7F8D6
:109F2000BC319B00134493ED007AD7ED6C7A67EE59
:109F3000277A97ED577A77EE277AC7ED577A07F5A4
:109F4000E073A3F5C072D7F848319B0013441B6837
:109F5000C7F8B031D7F8482113465B001344574A7D
:109F60009B00134493ED007AD7ED6C7A67EE277A65
:109F700097ED6B7A77EE277AC7ED6B7A4F4AD7F871
:109F8000B8319B00134493ED007AD7ED6C7A67EEFD
:109F9000277A97ED6A7A77EE277AC7ED6A7A474A89
:109FA000D7F8BC319B00134493ED007AD7ED6C7A5F
:109FB00067EE277A97ED6D7A77EE277AC7ED6D7A9F
:109FC000D7F848310133C7F84831D7F84831022B68
:109FD0007FF764AF07F5E073A3F5C673D3ED027A9C
:109FE000F1EE677A9FED367A67EE877AD7F8EC3133
:109FF000C3ED0F7A97ED5E7AD7ED6B7A77EE677ADD
:10A000009FED2F7A67EE877AD7F8EC31C3ED257A8A
:10A01000D7ED607A9FED2A7A67EE877AD7F8EC3130
:10A02000C3ED197A97ED567AD7ED6A7A77EE677AAB
:10A030009FED237A67EE877AD7F8EC31C3ED267A65
:10A0400007F5E073A3F5D673D3ED007A9FED1C7A84
:10A0500067EE877AD7F8EC31C3ED1A7A97ED577A25
:10A06000D7ED6D7A77EE677A9FED157A67EE877A8E
:10A07000D7F8EC31C3ED277A07F5E073A3F5D47375
:10A08000D3ED007A9FED0E7A67EE877AD7F8EC3140
:10A09000C3ED1B7AD7F8EC31D3ED0E7A9FED087A39
:10A0A00067EE877AD7F8EC31C3ED077A00BF07F582
:10A0B000E277BD4690BD00BF04C20008ACBF0008F7
:10A0C0000AD7A33B80B483B000AF786039603B68A7
:10A0D0007A681A6000BF0C37BD465DF8047B704794
:10A0E00080B586B000AF87ED010AC7ED000A97ED95
:10A0F000010A00F0A1F80346002B06D197ED000AF3
:10A1000000F09AF80346002B03D0374B1B687B61A5
:10A1100061E097ED010A00F06DF80346002B33D0A3
:10A1200097ED000A00F066F80346002B2CD0D7ED1F
:10A13000017AF5EEC07AF1EE10FA02DD01233B61FF
:10A1400002E04FF0FF333B61D7ED007AF5EEC07AC5
:10A15000F1EE10FA02DD0123FB6002E04FF0FF3365
:10A16000FB603B6907EE903AF8EEE77AFB6807EE92
:10A17000103AB8EEC77AF0EE470AB0EE670A00F080
:10A180003FFC87ED050A26E0D7ED007AF5EE407A30
:10A19000F1EE10FA17D1D7ED017AF5EEC07AF1EEB3
:10A1A00010FA02DD114B7B6115E0D7ED017AF5EE77
:10A1B000C07AF1EE10FA02D50D4B7B610BE04FF047
:10A1C00000037B6107E0D7ED000A97ED010A00F07C
:10A1D00017FC87ED050A7B6907EE903AB0EE670A37
:10A1E0001837BD4680BD00BF60000024DB0FC93FAB
:10A1F000DB0FC9BF80B483B000AF87ED010AD7ED94
:10A20000017AF0EEE77A9FED0B7AF4EE477AF1EE01
:10A2100010FA01DC002307E07B6803F00043002B09
:10A2200001D0FF2300E0012318460C37BD465DF83E
:10A23000047B7047FFFF7F7F80B483B000AF87ED62
:10A24000010A97ED017AD7ED017AB4EE677AF1EE63
:10A2500010FA01D7012300E0002318460C37BD4651
:10A260005DF8047B7047000080B500AF064A0749DF
:10A27000074800F089F90023064A0449044800F021
:10A280000BF800BF80BD00BF1406002428C20008E0
:10A2900064000024EC05002490B587B000AFF8609E
:10A2A000B9607A603B6007F114031946F86800F062
:10A2B0007CFAFB6893F82930022B0BD1BB6893F82A
:10A2C0002930022B06D07C68002000F0ECF9034610
:10A2D000E38220E0BB6893F82930022B06D17C682A
:10A2E000012000F0F8F90346E38214E0FB6893F8DC
:10A2F0002920BB6893F829309A4206D17C68002057
:10A3000000F0B9F90346E38205E07C68002000F024
:10A31000CAF90346E382BB6893F82830022B06D1C2
:10A320007C68022000F0D7F90346A38220E0FB6896
:10A3300093F82830032B06D17C68002000F09BF9AD
:10A340000346A38214E0FB6893F82820BB6893F8C7
:10A3500028309A4206D17C68002000F08CF9034630
:10A36000A38205E07C68002000F09DF90346A382EB
:10A37000FB68DA6ABB68DB6A7C681946104600F045
:10A3800059F903462383FB681A68BB681B687C681D
:10A390001946104600F04EF903462380FB685A68C0
:10A3A000BB685B687C681946104600F043F90346B9
:10A3B0006380FB689A68BB689B687C681946104696
:10A3C00000F038F90346A380FB68DA68BB68DB68F5
:10A3D0007C681946104600F02DF90346E380BB68FF
:10A3E0001B6B002B16D0FB681A6BBB681B6B7C6861
:10A3F0001946104600F01EF903466383FB681A698C
:10A40000BB681B697C681946104600F013F90346C7
:10A4100023810BE07C68002000F075F9034663831C
:10A420007C68002000F06FF9034623817B699A0065
:10A43000FB685A617B69DA00FB689A61FB685A69BC
:10A44000BB685B699A4206D17C68002000F013F972
:10A450000346638105E07C68002000F03CF9034678
:10A460006381FB689B69202B01D0402B06D17C685F
:10A47000002000F000F90346A38106E07C6800207C
:10A4800000F029F90346A38100BF7B699A00FB68AD
:10A49000DA61FB68DA69BB68DB697C6819461046DB
:10A4A00000F0C8F80346E3817B699A00FB681A62F2
:10A4B000FB681A6ABB681B6A7C681946104600F084
:10A4C000B9F8034623827B699A00FB685A62FB68ED
:10A4D0005A6ABB685B6A7C681946104600F0AAF8A5
:10A4E000034663827A68B968F86800F079F8244B0B
:10A4F00093ED006BB0EE005B86EE057BB5EE407B26
:10A50000F1EE10FA01D1012200E00022FB685A644A
:10A51000FB685A6CBB685B6C9A4206D07C68002072
:10A5200000F0C1F80346238405E07C68002000F0B9
:10A53000A2F803462384134B93ED007BB5EE407BDA
:10A54000F1EE10FA01D1012200E00022FB689A64CA
:10A55000FB689A6CBB689B6C9A4206D07C680020B2
:10A5600000F0E9F80346638405E07C68002000F011
:10A5700082F80346638400BF1C37BD4690BD00BF10
:10A58000B8000024C000002490B585B000AFF8608A
:10A59000B9607A60FB6800225A63FB685B6B002B32
:10A5A0001AD0BB685B6B002B0BD07C68002000F0DE
:10A5B00062F803461BB21A462270C3F30723637086
:10A5C0000AE07C68032000F06EF803461BB21A46CE
:10A5D0002270C3F30723637000BF1437BD4690BDDC
:10A5E00090B585B000AFF860B9607A60104B1A681A
:10A5F000FB68DA63FB68DA6BBB68DB6B9A4206D0F8
:10A600007C68002000F067F80346A38305E07C68BF
:10A61000002000F030F80346A3837C68002000F09F
:10A6200072F80346E38300BF1437BD4690BD00BFF8
:10A630001806002480B584B000AF786039607A686D
:10A640003B689A4205D1002000F015F803463B8193
:10A6500004E0002000F027F803463B813B89BB81E2
:10A6600000233A7B62F307037A7B62F30F231846D9
:10A670001037BD4680BD80B485B000AF0346FB7186
:10A6800002233B72FB797B723B89BB8100233A7BBF
:10A6900062F307037A7B62F30F2318461437BD4633
:10A6A0005DF8047B704780B485B000AF0346FB7152
:10A6B00001233B72FB797B723B89BB8100233A7B90
:10A6C00062F307037A7B62F30F2318461437BD4603
:10A6D0005DF8047B704780B485B000AF0346FB7122
:10A6E00003233B72FB797B723B89BB8100233A7B5E
:10A6F00062F307037A7B62F30F2318461437BD46D3
:10A700005DF8047B704780B485B000AF0346FB71F1
:10A7100005233B72FB797B723B89BB8100233A7B2B
:10A7200062F307037A7B62F30F2318461437BD46A2
:10A730005DF8047B704780B485B000AF0346FB71C1
:10A7400004233B72FB797B723B89BB8100233A7BFC
:10A7500062F307037A7B62F30F2318461437BD4672
:10A760005DF8047B704780B485B000AFC7E9000195
:10A770000123FB6002E0FB680133FB60D7E90001C5
:10A780004FF000024FF00003420842EAC1724B084A
:10A79000C7E90023D7E900231343ECD1FB6818462F
:10A7A0001437BD465DF8047B704780B592B000AFAA
:10A7B000786039606FF01B037B647B6C9B103B649B
:10A7C0007B6C002B00DA03339B101A463B6C9342E0
:10A7D0000CBF01230023DBB21A467B68DA62042334
:10A7E0007B616FF00603BB61BA697B6992FBF3F38F
:10A7F0007B646FF00503BB61BA697B6992FBF3F37D
:10A800003B646FF00403BB61BA697B6992FBF3F3AD
:10A81000FB636FF003037B610723BB61BA697B694C
:10A8200092FBF3F3BB630623BB61BA697B6992FBBE
:10A83000F3F37B630523BB61BA697B6992FBF3F396
:10A840003B636FF00603BB61BA697B6992FBF3F36C
:10A85000FB626FF00503BB61BA697B6992FBF3F39E
:10A86000BB626FF00403BB61BA697B6992FBF3F3CF
:10A870007B627B6C13F1020F1ED13B6C13F1020F54
:10A880001AD1FB6B13F1020F16D1BB6B13F1020F40
:10A8900012D17B6B13F1020F0ED13B6B13F1020F40
:10A8A0000AD1FB6A012B07D1BB6A012B04D17B6A59
:10A8B000012B01D1012300E000233B627B6CB3F14B
:10A8C000FF3F1ED13B6CB3F1FF3F1AD1FB6BB3F1DD
:10A8D000FF3F16D1BB6BB3F1FF3F12D17B6BB3F1DE
:10A8E000FF3F0ED13B6BB3F1FF3F0AD1FB6A012B57
:10A8F00007D1BB6A012B04D17B6A012B01D1012353
:10A9000000E00023FB613B6A002B07D0FB69002BB2
:10A9100004D17B68002283F829200EE03B6A002BDB
:10A9200007D1FB69002B04D07B68012283F8292022
:10A9300003E07B68022283F8292000233B613B6906
:10A94000002B04D07B68032283F828200DE001232C
:10A95000FB6007F10C031B78012B14BF01230023BC
:10A96000DBB21A467B6883F828204FF0FF004FF0D7
:10A970000001FFF7F8FE02467B681A604FF6FF7091
:10A980004FF00001FFF7EFFE02467B685A604FF080
:10A99000FF304FF00001FFF7E6FE02467B689A6049
:10A9A0004FF0FF304FF00001FFF7DDFE02467B68FD
:10A9B000DA60786800F013F802463B681A607B683A
:10A9C00001221A634FF0FF304FF0FF31FFF7CBFE4B
:10A9D00002467B681A6100BF4837BD4680BD80B41F
:10A9E00085B000AF78600023FB607B681B68FB606C
:10A9F000FB6818461437BD465DF8047B70470000BD
:10AA000000F002BB10EE103A114A23F000439342CB
:10AA100018D9B3F1FF4F02D330EE400A704700B5AA
:10AA200083B0684600F096FB400000F00200DDEDC8
:10AA3000010A9DED000AC0F1010000F005FA03B023
:10AA40005DF804FBDFED030A012000F0FDB900BF53
:10AA5000DA0F493F0000000030B510EE104AC4F391
:10AA60000A53B3F57D7FB7EEC07A83B019D227EED3
:10AA7000075BB3F5667F6CD327EE052B25EE021B33
:10AA8000694B93ED1A3B93ED186B93ED164BA5EEC6
:10AA9000036BA2EE047BA6EE017BB7EEC70B03B0FF
:10AAA00030BD40F22E4293425BD85F4991ED086B76
:10AAB00027EE066BFDEEC66B91ED0A5B16EE903A43
:10AAC00003F500031B1613F0020F06EE903A01F196
:10AAD000700208BF0A46D807B8EEE66BA6EE457BC3
:10AAE00027EE076B1BD403F0030301EBC30191EDC9
:10AAF000002B92ED1A4B92ED185B92ED163BA6EEF1
:10AB0000045B27EE027B27EE064B26EE046BA4EED9
:10AB1000037BA5EE067BB7EEC70B03B030BD92ED0D
:10AB2000142B26EE065B92ED127B92ED0E3BA6EE09
:10AB3000027B92ED0C0B92ED104BA6EE030B26EE72
:10AB4000056BA5EE040BA7EE060BB7EEC00B03B02A
:10AB500030BD14F0FF4F04BFB7EEC55B8DED015A59
:10AB6000DBE7B3F5FF6F3BD2304BC4F3836203EBFB
:10AB7000820153F82220C4F31603C4F3C25043F4F5
:10AB800000038340086A0969A0FB035003FB02F23B
:10AB9000E3FB010202F100518D0F01F04041511A17
:10ABA000F5F724FD224B9FED1E6B05EBD47441ECB1
:10ABB000170B14F0020FA3F1700208BF1346E90748
:10ABC00027EE067B27EE076B0FD402EBC40292ED53
:10ABD000002B93ED1A4B93ED185B93ED163B8EE72C
:10ABE00003B0BDE8304000F01FB993ED141B26EE12
:10ABF000064B93ED125B93ED0E2BA6EE015B93EDEE
:10AC00000C7B93ED103BA6EE027B26EE046BA4EECC
:10AC1000037BA5EE067BB7EEC70B7EE7AFF30080A4
:10AC2000182D4454FB21193CD8C2000878C20008F2
:10AC300048C300080000000038B510EE104AC4F305
:10AC40000A53B3F57D7FB7EEC07A1ED227EE077B9D
:10AC5000B3F5667F6FD327EE071B694B93ED142B7B
:10AC600093ED125B93ED0E3BA7EE025B93ED0C6B45
:10AC700093ED104BA7EE036B27EE017BA1EE046B67
:10AC8000A5EE076BB7EEC60B38BD40F22E429342DD
:10AC900054D85B4991ED086B27EE066BFDEEC66B51
:10ACA00091ED0A5B16EE903A03F500031B1613F0C4
:10ACB000020F06EE903A01F1700208BF0A46D8076B
:10ACC000B8EEE66BA6EE457B27EE076B1AD503F0D0
:10ACD000030301EBC30191ED002B92ED1A4B92EDB2
:10ACE000185B92ED163BA6EE045B27EE027B27EE87
:10ACF000064B26EE046BA4EE037BA5EE067BB7EEB7
:10AD0000C70B38BD92ED142B26EE065B92ED127B3D
:10AD100092ED0E3BA6EE027B92ED0C0B92ED104BEA
:10AD2000A6EE030B26EE056BA5EE040BA7EE060BB5
:10AD3000B7EEC00B38BDB7EE000A38BDB3F5FF6FF4
:10AD40003DD2304BC4F3836203EB820153F82220DF
:10AD5000C4F31603C4F3C25043F400038340086AEB
:10AD60000969A0FB035003FB02F2E3FB010202F1BD
:10AD700000518D0F01F04041511AF5F737FC224B7D
:10AD80009FED1D6B05EBD47441EC170B14F0020F13
:10AD9000A3F1700208BF1346E90727EE067B27EEF2
:10ADA000076B10D504F0030402EBC40292ED002BF4
:10ADB00093ED1A4B93ED185B93ED163B93E7BDE8CB
:10ADC000384000F031B893ED141B26EE064B93ED9E
:10ADD000125B93ED0E2BA6EE015B93ED0C7B93EDD6
:10ADE000103BA6EE027B26EE046BA4EE037BA5EEE1
:10ADF000067BB7EEC70B38BD182D4454FB21193C18
:10AE0000D8C2000878C2000848C3000810B52DED6C
:10AE1000028BB0EE408A044600F0D0FFB0EE480A44
:10AE2000BDEC028B046010BDF0EE407A30EE407A4B
:10AE3000F4EE677AF1EE10FA87EE070A02D62120C7
:10AE4000FFF7E4BF704700BF08B510EE103A23F0DB
:10AE50000042B2F1465FF0EE407A0FD2BDEEC07A0A
:10AE600017EE101AF9B9431C134300F09F80012814
:10AE700003D0BFEE007A87EE270A08BD50498A4208
:10AE800011D39FED507ADFED506A002BBCBFF1EE7D
:10AE9000600AF1EE407A77EE677A36EEE07ADFED1F
:10AEA0004B0A77EE277A67EEA76ADFED494ADFEDB6
:10AEB000495A9FED495A9FED496A414926EEA67AC3
:10AEC0008A42E7EE245AA7EE056ADFED454A9FED78
:10AED000455AE5EE874AA6EE075ADFED435A9FED45
:10AEE000436AE4EE875AA5EE076ADFED414A9FED1B
:10AEF000415AE5EE874AA6EE075A9FED3F6ADFED1D
:10AF00003F5AA4EE876AE5EE075AB0EE467AA5EE00
:10AF1000A67A27EEA65AB0EE606AA7EE056ADFEDC4
:10AF2000384AE6EE260AE5EE240A37EEA00A1FD2DA
:10AF30000128A2D0BFEE007AC7EE006A314B10EEB6
:10AF4000102A1A4006EE102A16EE902A76EE677A3C
:10AF5000134000EE103AB7EE007A70EEE70AF0EE1A
:10AF6000477AE6EE007AE0EE807AA7EEA60A08BD00
:10AF700007EE100AB8EEC77A60EE006A30EE070AF4
:10AF80009B1786EE806A03F00203C3F10103F0EE23
:10AF9000005A36EE606A06EE903A77EEC67AF8EE20
:10AFA000E66AA7EEE57A26EE870A08BD00F0D4FA35
:10AFB000B7EE007AF0EE407A87EE270A08BD00BFB0
:10AFC00040A12C3FDA0F493F6821223300000000E6
:10AFD0005FAE9BB745F4A3388453D9377AC0953810
:10AFE000C8261A3AB937813916696B3B48DEBE3A32
:10AFF000A427B33C1F37113C8988083ED10D5D3D25
:10B00000ABAAAA3E00F0FFFF10B582B0CDED010A59
:10B01000019B23F00042B2F1FF4FF0EE407A30D8AE
:10B0200010EE100A20F00041B1F1FF4F29D8B3F122
:10B030007E5F40D09C1704F0020444EAD07431B320
:10B0400072B3B2F1FF4F3ED0B1F1FF4F28D0891A51
:10B05000B1F1F45F4FEAE15232DA002B40DA3C32D0
:10B060003EDA9FED330A012C4CD0022C41D064B162
:10B070009FED307ADFED307A30EE070A30EE670A66
:10B0800003E09DED017A37EE270A02B010BD022CD5
:10B090000ED09FED2A7A032C07FE000A02B010BDE5
:10B0A0009FED270ADFED277A002827FE800AECE7CC
:10B0B0009FED210AE9E702B0BDE8104000F07AB93F
:10B0C0009FED200ACFE7B1F1FF4F04F1FF3420D00C
:10B0D000022C26D81C4B03EB840393ED000AD4E723
:10B0E0009DED017A87EE870A00F036FA00F062F9EA
:10B0F000B9E79FED107ADFED107A30EE070A37EEF0
:10B10000C00AC2E710EE103A03F1004300EE103A15
:10B11000BBE7022C08D80D4B03EB840393ED000A28
:10B12000B3E79FED030AB0E79FED090AADE700BF63
:10B13000000000002EBDBB33DB0F4940DB0F49C0D0
:10B14000DB0FC9BFDB0FC93FB8C30008C4C3000889
:10B15000DB0F493F70B510EE103A884A23F00044E7
:10B16000944286B0054671D9854A94421E4624D839
:10B1700023F00042002BDFED837A834922F00F0297
:10B18000B0EE407A40F3E0808A4270EE677A09BF01
:10B190009FED7E7ADFED7E6ADFED7E6A77EEC77A1D
:10B1A00037EEE67A77EEC77A80ED007A77EEE67AC8
:10B1B000C0ED017A012006B070BD774A944252D9A1
:10B1C000B4F1FF4F48D2E215863AA4EBC25307EE22
:10B1D000903ABDEEE77ADFED716AB8EEC77A77EEA6
:10B1E000C77A8DED037A67EEA67ABDEEE77AB8EE00
:10B1F000C77A77EEC77A8DED047A67EEA67AF5EE18
:10B20000407AF1EE10FACDED057A40F09880B5EE77
:10B21000407AF1EE10FA0CBF01230223604901913C
:10B220000221009103A8294600F09EF9002EC2DAFF
:10B2300095ED007AD5ED017AB1EE477AF1EE677AB5
:10B2400085ED007AC5ED017A4042B4E7002285ED34
:10B25000000A42600020AEE770EE407AC0ED017A4D
:10B26000C0ED007AF6E700F077F99FED4E7A9FED9A
:10B27000456AF6EE007AE0EE077A9FED457AFDEE3C
:10B28000E77A17EE900AF8EEE76A1F28A6EEC60ADC
:10B2900066EE877AB1EE666A20DC434A411E26F0EC
:10B2A000004352F8212023F0FF03934216D030EEE2
:10B2B000677A30EE470A002E30EE670A85ED007A95
:10B2C00085ED010ABFF677AFB1EE477AB1EE400ADD
:10B2D00085ED007A85ED010A40426CE730EE677A31
:10B2E000E21517EE103AC3F3C753C3EBD453082B40
:10B2F000DFDD9FED267A9FED275AF0EE405AE6EE0D
:10B30000075A70EE657AE6EE077AD6EE857A35EE64
:10B31000E77A17EE103AC3F3C753D21A192A10DD91
:10B320009FED227A9FED225AB0EE650AA6EE070A3B
:10B3300075EEC07AE6EE077AD6EE857AB7E7032394
:10B340006CE7B0EE650AB4E78A4270EE277A09BF6F
:10B350009FED0E7ADFED0E6ADFED0E6A77EE877AEB
:10B3600037EEA67A77EEC77A80ED007A77EEA67A86
:10B37000C0ED017A4FF0FF301DE700BFD80F493F05
:10B38000E3CB1640800FC93FD00FC93F004435378B
:10B390004344353708A3852E800F4943000080437E
:10B3A00050C4000884F9223FD0C3000800A3852EB2
:10B3B00032318D2438B510EE105A25F00044B4F126
:10B3C000A14FF0EE407A0AD3B4F1FF4F58D8DFED29
:10B3D0004F7A9FED4F7A002D37FE270A38BD4D4B2F
:10B3E0009C425CD8B4F1445F4DD34FF0FF3327EE5D
:10B3F000A76A9FED495A9FED497ADFED495ADFED83
:10B40000494A66EE066A5A1CA6EE857AE6EEA54A19
:10B410009FED455ADFED455AA7EE265AE4EEA65AAF
:10B420009FED437ADFED434AA5EE267AE5EEA64A84
:10B430009FED415ADFED415AA7EE265A9FED407A23
:10B44000A4EEA67AE5EE265A27EE267AA5EE867AAF
:10B4500027EE877A38D03B493B4A01EB8301D1ED97
:10B46000006A37EE667A02EB8303D3ED006A37EEAB
:10B47000677A002D36EEC70AB0DAB1EE400A38BD61
:10B4800030EE000A38BD9FED317A30EE077AF7EEE4
:10B49000006AB4EEE67AF1EE10FAA6DD38BD00F0EF
:10B4A0005BF82B4B9C4212D8A3F5D0039C4223D8C7
:10B4B000F0EE007ABFEE007AA0EE277A002330EE9D
:10B4C000270AC7EE007A92E737EEC70A38BD214B4C
:10B4D0009C420BD8F7EE087AB7EE007AA0EE277AF6
:10B4E000022330EE670AC0EE077A80E7BFEE007AEB
:10B4F000C7EE007A03237AE7F7EE007A30EE677A38
:10B5000030EE270A0123C7EE007A70E7DB0FC9BFD0
:10B51000DB0FC93FFFFFDF3ED769853C59DA4B3D62
:10B5200021A215BD6BF16EBD356B883D95879DBD24
:10B530006E2EBA3D388EE3BD2549123EABAAAA3E17
:10B54000CDCC4CBE68C7000878C70008CAF2497164
:10B55000FFFF973FFFFF1B4010EE103A23F0004320
:10B5600000EE103A704700BF2DE9F04F2DED048B2F
:10B57000DBB01C46944603930A46CD4B68991CF1F8
:10B58000040F53F82160824604F1FF38C0F249826B
:10B59000BCF1030348BF0CF10403DB100293013339
:10B5A0004FEAC30EACEB0E030593029B16EB0800AB
:10B5B000A3EB080316D401309FEDBE7A699C1844B2
:10B5C0001EA9002BA4BF54F8235007EE905A03F194
:10B5D0000103ACBFF8EEE77AF0EE477A8342E1EC84
:10B5E000017AEED1002EC0F2B182039B1EA901EBBD
:10B5F000830446AD4FEA83094046F7180AEB8301FE
:10B60000B8F1000FDFEDAB7A09DBA3465346F3EC4C
:10B61000016A3BED017A8B42E6EE877AF7D1013081
:10B62000B842E5EC017A04F10404E9D10DF1280BEC
:10B630000BEB8603CDE9062E043B9FEDA09ADFEDD0
:10B640009E8A059804930AEB090446AF0BEB860922
:10B650000096CDF820C05AAB03EB8603002E13ED05
:10B66000140A4FEA860515DD7B195A4660EE097A01
:10B67000B0EE407AFDEEE77A73ED016AF8EEE77A14
:10B68000BB42A7EEE87A37EEA60ABDEEC77AA2EC77
:10B69000017AEBD1019000F085FAF4EE007AB0EE79
:10B6A000408A20EE270A00F0EDFAF2EE007AA0EED2
:10B6B000678A01980028FDEEC89AF8EEE97A38EE1C
:10B6C000678A6CDD06F1FF3EC0F108035BF82E20AF
:10B6D00042FA03FC0CFA03F3D21AC0F1070119EE87
:10B6E000903A4BF82E200A416344002A09EE903A22
:10B6F00000F3F080B5EE408AF1EE10FA40F09D8044
:10B70000009B9E420ADD5D44002355F8041D4D4513
:10B7100043EA0103F9D1002B40F0F280009B013B8A
:10B720005BF82330002B40F0E780049B012153F8A5
:10B73000042D0131002AFAD0731C31449C46029D2D
:10B74000039A05EB030E0EF1804E699D32440EF113
:10B75000FF3E07EB83061EAB05EB8E0E03EB820567
:10B76000DEED017AF8EEE77AB8F1000F0EF1040E83
:10B77000E5EC017ADFED4F7A09DB2A465346F3EC1C
:10B78000016A32ED017AA342E6EE877AF7D10CF135
:10B79000010C6145E6EC017AE2DA0E465BE740F027
:10B7A0008F80731E5BF82320D211002AA2DD19EED0
:10B7B000903A002E03F1010309EE903A40F3D48150
:10B7C00059464FF0000E51F8043B002B6AD0C3F5E8
:10B7D000807341F8043C04E00B68C3F1FF0341F8B7
:10B7E000043B0EF1010E7645F6DC01239E4600284F
:10B7F0000ADD012878D0022806D1711E5BF82130BD
:10B8000003F03F0C4BF821C0022A7FF473AFB7EE70
:10B81000000A734630EE488A002B3FF46BAF099262
:10B82000019000F0BFF938EE408A0198099AB5EE10
:10B83000408AF1EE10FA3FF463AF9246DDE9062E3E
:10B84000DDF820C00196AEEB0C00B0EE480A009E79
:10B85000009200F0A7F9DFED186AB4EEE60AF1EE07
:10B8600010FADDE90023F0EE407AC0F250819FED3E
:10B87000137A059920EE077A0831BDEEC77A059153
:10B88000B8EEC77A5C1CE7EE667ABDEEC77AFDEECD
:10B89000E77A17EE901A4BF8231017EE103A4BF890
:10B8A000243046E00EF1010EB6458CDB9E469EE745
:10B8B000B4C7000800000000000080430000803B87
:10B8C000F6EE007AB4EEE78AF1EE10FA80F2988094
:10B8D00000220FE70133002E09EE903A3FF770AFD8
:10B8E000002301289E4686D1711E5BF8213003F0AB
:10B8F0007F0C4BF821C087E7731C9C4619461EE756
:10B9000033469246DDE905125C1EA1F108005BF8A2
:10B910002410009E059061B903F18043013B0BEBBD
:10B920008303014653F8040D013C08390028F9D07F
:10B93000059105980092B7EE000A00F033F9002C4B
:10B94000009AB0EE407AC0F20581601C46AD5FED12
:10B95000256A81000BEB800305EB800073ED017A13
:10B96000F8EEE77A5B4567EE877A27EE267A60ED98
:10B97000017AF3D10DF1C8080B1F46A8C718C646B7
:10B98000A44600259146002E73DB844ADFED847ABD
:10B990003846002301E0AB4208DCF2EC016AB0EC6F
:10B9A000017A01339E42E6EE877AF4DA0CF1FF3C2D
:10B9B000BCF1FF3FEEEC017A05F10105A7F10407A8
:10B9C000E1D1689B022B4A4656DC002B2EDC0ED1BF
:10B9D000DFED737A414431ED017A414577EE877AA4
:10B9E000F9D15346002B40F0AE80C2ED007A19EE3B
:10B9F000903A03F007005BB0BDEC048BBDE8F08F1C
:10BA000019EE903A002E03F1010309EE903AC8BFF7
:10BA100002223FF7D5AEF7EE007A37EEC88A02224F
:10BA200068E600234FF0080E0293BBE59FED5C7AB9
:10BA3000414471ED017A414537EE277AF9D1DDEDC8
:10BA4000327A534677EEC77A002B75D182ED007AB1
:10BA500064B133A90123B1EC017A01339C4277EE42
:10BA6000877AF8DA53460BB1F1EE677AC2ED017AC4
:10BA7000BDE7DFED4B7A99E7689B032BB7D1002C2C
:10BA80007ED008EB840595ED007AA0002B46294670
:10BA900071ED017AF0EE476A37EE277A414577EE8D
:10BAA000C77A81ED007A77EEA67AC1ED017AEFD1FF
:10BAB000012C65D095ED007A08F1040173ED017A4F
:10BAC000F0EE476A37EE277A994277EEC77A83ED30
:10BAD000007A77EEA67AC3ED017AEFD1031DDFED90
:10BAE000307A434408F1080833ED017A984577EE3F
:10BAF000877AF9D15346DDED326A9DED337A73B919
:10BB0000C2ED006A82ED017AC2ED027A6FE7FDEEC6
:10BB1000C07A1C4617EE901A4BF8231009E7F1EE95
:10BB2000666AB1EE477AF1EE677AC2ED006A82ED9D
:10BB3000017AC2ED027A5AE7B1EE477A82ED007AD5
:10BB4000002C86D190E7F1EE677A4EE7039B4FEA2F
:10BB500083096BE5689B022B0EDC002B13DC7FF462
:10BB600046AFDFED0F7A3CE7022A7FF4C3ADF7EE74
:10BB7000007A37EEC88ABDE5689B032B7FF437AFA8
:10BB8000DFED077AB6E75346DDED327A13B90023CD
:10BB900013606BE74FF00043136065E788C7000848
:10BBA0000000000010EE103A33F000411A4626D093
:10BBB000B1F1FF4F20D213F0FF4F21D1DFED2A7AF0
:10BBC0002A4A60EE277A904217EE903A32DB4CF226
:10BBD000503CC3F3C75160451A46A1F1190115DD68
:10BBE000DFED237ADFED236AB0EE677A002B67FE84
:10BBF000A67A27EE870A704730EE000A7047704732
:10BC00004CF2503C60454FEAD151E9DC0144FE2939
:10BC1000E6DC002915DC11F1160F19DB193122F0D1
:10BC2000FF4242EAC15207EE902A9FED130A27EE27
:10BC3000800A7047DFED117A07EE103A27EE270AE7
:10BC4000704722F0FF4242EAC15300EE103A7047BB
:10BC5000DFED0A7ADFED0A6AB0EE677A002B67FE45
:10BC6000A67A27EE870A70470000004CB03CFFFF21
:10BC7000CAF24971CAF249F1000000336042A20DD4
:10BC80006042A28D10EE102AC2F3C7537F3B162BE1
:10BC900022F0004129DC002B104618DB1A4919411B
:10BCA0000A4221D0DFED197A70EE277AF5EEC07ADC
:10BCB000F1EE10FA18DD002A04DA4FF4000242FA1D
:10BCC00003F3184420EA010300EE103A7047DFED59
:10BCD0000F7A70EE277AF5EEC07AF1EE10FA03DDF6
:10BCE000002A08DB9FED0A0A7047B1F1FF4FFBD332
:10BCF00030EE000A7047DFED077ABFEE000A002938
:10BD000007FE800A704700BFFFFF7F00CAF249713B
:10BD10000000000000000080830730B547D0541EAB
:10BD2000002A3ED0CAB2034601E0013C39D303F8F1
:10BD3000012B9D07F9D1032C2CD9CDB205EB05259C
:10BD40000F2C05EB054535D9A4F1100222F00F0C9C
:10BD500003F1100EE6444FEA121C1A46C2E90055E0
:10BD6000C2E9025510327245F8D10CF1010214F00B
:10BD70000C0F03EB021204F00F0C13D0ACF1040310
:10BD800023F003030433134442F8045B9342FBD1D2
:10BD90000CF003042CB1C9B21C4403F8011BA342EC
:10BDA000FBD130BD64461346002CF4D1F9E70346BD
:10BDB0001446C0E71A46A446E0E700BF014B1868E6
:10BDC000704700BFC800002470B50F4B0F4DAB4249
:10BDD000A3EB050607D0B610002455F8043B013448
:10BDE0009847A642F9D800F07FF8094D094B5E1B31
:10BDF000AB424FEAA60606D0002455F8043B0134B6
:10BE00009847A642F9D870BDC8C70008C8C700083F
:10BE1000C8C70008D0C70008704700BF704700BF00
:10BE2000024B13B1024800F005B870470000000053
:10BE300041BE0008002301461A46184600F014B817
:10BE400038B5074D074C2C1BA41005D0013C55F804
:10BE5000043D9847002CF9D1BDE8384000F04AB8BD
:10BE6000D4C70008D0C700082DE9F8431B4D06468B
:10BE7000286898460F469146FFF7CEFF184B1C687E
:10BE80001CB3286865681F2D22DC4EB96B1C023577
:10BE9000636044F82570FFF7C1FF0020BDE8F88318
:10BEA00004EB85010123C1F88890D4F88821AB40C8
:10BEB0001A43022EC4F88821C1F80881E6D1D4F8CB
:10BEC0008C211A43C4F88C21E0E7064C1C60D8E7AB
:10BED000FFF7A4FF4FF0FF30E0E700BFF0010024C0
:10BEE000580700245C070024F8B500BFF8BC08BC64
:10BEF0009E467047F8B500BFF8BC08BC9E46704728
:10BF000041524D20436F6D70617469626C652D3EC6
:10BF100041524D20436F727465782D4D0000000032
:10BF200000000000102840587088A0B81028405821
:10BF30007088A0B80000000001020304010203049D
:10BF400006070809010000000200000004000000CC
:10BF500006000000080000000A0000000C000000BD
:10BF600010000000200000004000000080000000E1
:10BF700000010000000000000102030401020304AC
:10BF800006070809000001008B175E420000000050
:10BF900000000000000000008B175E42000000005F
:10BFA00000000000000000008B175E42000000400F
:10BFB00000000000000000000000000000008040C1
:10BFC0000000000000000000000000000000C04071
:10BFD000ABAA2ABEABAA2ABEABAA2ABEABAA2ABE6D
:10BFE000ABAA2ABEABAA2ABE000000007B5D86BFBA
:10BFF0007B5D86BF5D242BA57B5D863F7B5D863F99
:10C00000C9269B3FC7261B3FC7261BBFC9269BBF10
:10C01000C9261BBFC8261B3F9C19703E9B1970BECA
:10C020009B19703E991970BE9C19703E9B1970BE89
:10C030003EE8D93C000000000000000000000000C5
:10C040003EE8D93C000000000000000000000000B5
:10C0500016FB4B3D0000000000000000000080BF08
:10C060000000000000000000000080BF0000000091
:10C0700000000000000080BF000000000000000081
:10C08000000080BF0000000000000000000080BF32
:10C090000000000000000000000080BFA0A60A42CF
:10C0A000000000000000000000000000A0A60A42FE
:10C0B000000000000000000000000000A0A60A42EE
:10C0C0000000803F000000000000000000000000B1
:10C0D0000000803F000000000000000000000000A1
:10C0E0000000803F9DD819410000000000000000C2
:10C0F000000000009DD81941000000000000000071
:10C10000000000009DD819410000803F00000000A1
:10C1100000000000000000000000803F0000000060
:10C1200000000000000000000000803F00000080D0
:10C13000CDCC8C3EF6F7353F6DDF73BECDCC0C3EDB
:10C14000F6F735BF6DDF73BECDCC0CBEF6F7353FCD
:10C15000B74F1BA4CDCC8CBEF6F735BF6DDF733E59
:10C16000CDCC0CBEF6F7353F6DDF733ECDCC0C3E2B
:10C17000F6F735BF9D5F054200000000000000009B
:10C18000000000009D5F054200000000000000006C
:10C19000000000009D5F05423EE8D93C0000000021
:10C1A00000000000000000003EE8D93C0000000054
:10C1B000000000000000000016FB4B3D3E601642F0
:10C1C0000000000000000000000000003E60164279
:10C1D0000000000000000000000000007FA4A0415B
:10C1E0003EE8D93C00000000000000000000000014
:10C1F0003EE8D93C00000000000000000000000004
:10C2000016FB4B3D000000C00000000000000000D5
:10C2100000000000000080C00000000000000000DE
:10C22000000000000000C0C0080000001000000076
:10C23000200000002000000040000000200000005E
:10C24000400000002000000020000000200000004E
:10C2500000010000010000000100000000000000DB
:10C2600000BF000800000000000000000000000007
:10C270000000000000000000A2000000F9A2000081
:10C2800083F9A2006E83F9A24E6E83F9444E6E8349
:10C2900015444E6E2915444EFC29154427FC2915DA
:10C2A0005727FC29D15727FCF5D1572734F5D1570B
:10C2B000DD34F5D1C0DD34F5DBC0DD3462DBC0DD5B
:10C2C0009562DBC0999562DB3C999562433C9995F8
:10C2D00090433C994190433C000000000000F03F37
:10C2E000000000000000F0BF000000000000F0BFF0
:10C2F000000000000000F03F83C8C96D305F64415A
:10C30000182D4454FB21F93F000000000000F03FCD
:10C310001C620CFDFFFFDFBF198F06E15355A53FDF
:10C320009D359AE887C056BFC3F87B024393F93E18
:10C3300003A695595455C5BFC40B23057610813FFC
:10C3400024CF7437EB9429BF000000000000F03FB9
:10C35000000000000000F0BF000000000000F0BF7F
:10C36000000000000000F03F83C8C96D305F6441E9
:10C37000182D4454FB21F93F000000000000F0BFDD
:10C380001C620CFDFFFFDF3F198F06E15355A5BF6F
:10C390009D359AE887C0563FC3F87B024393F9BEA8
:10C3A00003A695595455C5BFC40B23057610813F8C
:10C3B00024CF7437EB9429BF00000080DB0F494085
:10C3C000DB0F49C0DB0F49BFE4CB1640E4CB16C0FE
:10C3D000000FC93F000F494000CB9640000FC940F5
:10C3E0000053FB4000CB164100ED2F41000F4941A7
:10C3F0000031624100537B41003A8A4100CB9641B3
:10C40000005CA34100EDAF41007EBC41000FC9417B
:10C4100000A0D5410031E24100C2EE410053FB4192
:10C4200000F20342003A0A420083104200CB164257
:10C4300000141D42005C234200A5294200ED2F425A
:10C4400000363642007E3C4200C74242000F49425D
:10C45000A2000000F9000000830000006E00000050
:10C460004E000000440000001500000029000000FC
:10C47000FC0000002700000057000000D100000071
:10C48000F500000034000000DD000000C0000000E6
:10C49000DB00000062000000950000009900000031
:10C4A0003C0000004300000090000000410000003C
:10C4B000FE0000005100000063000000AB0000001F
:10C4C000DE000000BB000000C500000061000000AD
:10C4D000B7000000240000006E0000003A000000D9
:10C4E000420000004D000000D2000000E00000000B
:10C4F00006000000490000002E000000EA000000D5
:10C5000009000000D1000000920000001C000000A3
:10C51000FE0000001D000000EB0000001C000000F9
:10C52000B100000029000000A70000003E0000004C
:10C53000E80000008200000035000000F500000067
:10C540002E000000BB00000044000000840000003A
:10C55000E90000009C0000007000000026000000C0
:10C56000B40000005F0000007E00000041000000F9
:10C570003900000091000000D600000039000000E2
:10C58000830000005300000039000000F4000000A8
:10C590009C000000840000005F0000008B00000091
:10C5A000BD000000F9000000280000003B00000072
:10C5B0001F000000F800000097000000FF000000CE
:10C5C000DE00000005000000980000000F000000E1
:10C5D000EF0000002F000000110000008B000000A1
:10C5E0005A0000000A0000006D0000001F0000005B
:10C5F0006D000000360000007E000000CF0000004B
:10C6000027000000CB00000009000000B700000078
:10C610004F000000460000003F00000066000000E0
:10C620009E0000005F000000EA0000002D000000F6
:10C630007500000027000000BA000000C7000000DD
:10C64000EB000000E5000000F10000007B000000AE
:10C650003D0000000700000039000000F700000066
:10C660008A0000005200000092000000EA00000072
:10C670006B000000FB0000005F000000B100000044
:10C680001F0000008D0000005D0000000800000099
:10C6900056000000030000003000000046000000CB
:10C6A000FC0000007B0000006B000000AB000000FD
:10C6B000F0000000CF000000BC00000020000000DF
:10C6C0009A000000F4000000360000001D00000089
:10C6D000A9000000E30000009100000061000000DC
:10C6E0005E000000E60000001B00000008000000E3
:10C6F0006500000099000000850000005F00000058
:10C7000014000000A00000006800000040000000CD
:10C710008D000000FF000000D80000008000000035
:10C720004D000000730000002700000031000000F1
:10C730000600000006000000150000005600000082
:10C74000CA00000073000000A8000000C90000003B
:10C7500060000000E20000007B000000C00000005C
:10C760008C0000006B0000006937AC316821223377
:10C77000B40F14336821A2333863ED3EDA0F493F1A
:10C780005E987B3FDA0FC93F0000C93F0000F039D7
:10C790000000DA370000A2330000842E0000502B86
:10C7A0000000C2270000D0220000C41F0000C61BEA
:10C7B000000044170400000007000000090000000A
:08C7C000883EFF7F010000002C
:08C7C80021BE0008E50700088E
:04C7D000BD07000899
:10C7D40001000000D4020024780300241B000000A0
:10C7E400004800400000024000000000000000007B
:10C7F4000000000000031200000000000000000020
:10C804000000000000040000000000000000000020
:10C814000000000000000000000000000000000014
:10C8240010000000010000000090D0030090D0032D
:10C834000000C0FF00000000000000000000000035
:10C8440000000000000000000000000000000000E4
:10C8540000000000000000000000000002020000D0
:10C8640000000000000000000000000020BF0008DD
:10C8740000000000000000000000000000000000B4
:10C884000000000000000000000000000000100094
:10C89400ACCCF37554FB0700D0000024000000006A
:10C8A400000000001C06002484060024EC0600247A
:10C8B4000000000000000000000000000000000074
:10C8C4000000000000000000000000000000000064
:10C8D4000000000000000000000000000000000054
:10C8E4000000000000000000000000000000000044
:10C8F4000000000000000000000000000000000034
:10C904000000000000000000000000000000000023
:10C914000000000000000000000000000000000013
:10C924000000000000000000000000000000000003
:10C9340000000000000000000100000000000000F2
:10C944000E33CDAB34126DE6ECDE05000B000000B7
:10C9540000000000000000000000000000000000D3
:10C9640000000000000000000000000000000000C3
:10C9740000000000000000000000000000000000B3
:10C9840000000000000000000000000000000000A3
:10C994000000000000000000000000000000000093
:10C9A4000000000000000000000000000000000083
:10C9B4000000000000000000000000000000000073
:04C9C40054070024F0
:04000005080073A1DB
:00000001FF
